FD.arg,FD.vd,value,se,x,z,,
0,1,-0.957550046,0.662046422,0,-0.596179291,mean,-0.647033007
0.020833333,1,-1.271985826,0.670996896,0.020833333,-0.910615071,sd,1.790487661
0.041666667,1,-1.561917021,0.719335538,0.041666667,-1.200546266,,
0.0625,1,-1.828000585,0.789858991,0.0625,-1.46662983,,
0.083333333,1,-2.070812859,0.869335116,0.083333333,-1.709442104,,
0.104166667,1,-2.290849433,0.949473697,0.104166667,-1.929478678,,
0.125,1,-2.488525021,1.025564807,0.125,-2.127154266,,
0.145833333,1,-2.664173514,1.095105956,0.145833333,-2.302802759,,
0.166666667,1,-2.818047998,1.156894368,0.166666667,-2.456677243,,
0.1875,1,-2.950320849,1.210483036,0.1875,-2.588950094,,
0.208333333,1,-3.061083807,1.255857505,0.208333333,-2.699713052,,
0.229166667,1,-3.150347918,1.293240956,0.229166667,-2.788977163,,
0.25,1,-3.218043533,1.322980757,0.25,-2.856672778,,
0.270833333,1,-3.263868454,1.345491252,0.270833333,-2.902497699,,
0.291666667,1,-3.286882237,1.361216943,0.291666667,-2.925511482,,
0.3125,1,-3.28604904,1.370619717,0.3125,-2.924678286,,
0.333333333,1,-3.260401952,1.374174169,0.333333333,-2.899031197,,
0.354166667,1,-3.209042991,1.372378778,0.354166667,-2.847672236,,
0.375,1,-3.131143112,1.365776246,0.375,-2.769772357,,
0.395833333,1,-3.025942206,1.354978011,0.395833333,-2.664571451,,
0.416666667,1,-2.892749104,1.340694526,0.416666667,-2.531378349,,
0.4375,1,-2.73094158,1.323779349,0.4375,-2.369570825,,
0.458333333,1,-2.539966348,1.305301969,0.458333333,-2.178595594,,
0.479166667,1,-2.31933907,1.286671559,0.479166667,-1.957968316,,
0.5,1,-2.068644351,1.269839368,0.5,-1.707273597,,
0.520833333,1,-1.787558832,1.257833734,0.520833333,-1.426188077,,
0.541666667,1,-1.475903188,1.25579984,0.541666667,-1.114532433,,
0.5625,1,-1.133542647,1.270247278,0.5625,-0.772171892,,
0.583333333,1,-0.760359574,1.308106022,0.583333333,-0.39898882,,
0.604166667,1,-0.356253471,1.375609312,0.604166667,0.005117284,,
0.625,1,0.078859036,1.477188115,0.625,0.440229791,,
0.645833333,1,0.545044196,1.614912532,0.645833333,0.90641495,,
0.666666667,1,1.042351139,1.788704178,0.666666667,1.403721893,,
0.6875,1,1.57081188,1.997061109,0.6875,1.932182635,,
0.708333333,1,2.130441322,2.237861571,0.708333333,2.491812077,,
0.729166667,1,2.721237258,2.508979856,0.729166667,3.082608013,,
0.75,1,3.343180373,2.808671191,0.75,3.704551128,,
0.770833333,1,3.996242852,3.135922367,0.770833333,4.357613606,,
0.791666667,1,4.680421692,3.490861917,0.791666667,5.041792447,,
0.8125,1,5.39572598,3.874112179,0.8125,5.757096735,,
0.833333333,1,6.142170151,4.286427056,0.833333333,6.503540906,,
0.854166667,1,6.919773992,4.728534855,0.854166667,7.281144746,,
0.875,1,7.728562635,5.201032061,0.875,8.08993339,,
0.895833333,1,8.568566565,5.704314481,0.895833333,8.929937319,,
0.916666667,1,9.439821608,6.238535609,0.916666667,9.801192363,,
0.9375,1,10.34236894,6.803584699,0.9375,10.70373969,,
0.958333333,1,11.27625507,7.39907895,0.958333333,11.63762583,,
0.979166667,1,12.24153188,8.024365745,0.979166667,12.60290263,,
1,1,13.23825656,8.678532018,1,13.59962731,,
0,2,-0.957550046,0.662046422,0,-0.596179291,,
0.020833333,2,-1.085758369,0.650704543,0.041666667,-0.724387614,,
0.041666667,2,-1.202103349,0.659257092,0.083333333,-0.840732595,,
0.0625,2,-1.30730238,0.683413207,0.125,-0.945931625,,
0.083333333,2,-1.402032512,0.718187218,0.166666667,-1.040661757,,
0.104166667,2,-1.48693046,0.758931567,0.208333333,-1.125559705,,
0.125,2,-1.562592591,0.801836062,0.25,-1.201221836,,
0.145833333,2,-1.629574922,0.84400613,0.291666667,-1.268204167,,
0.166666667,2,-1.688393112,0.883351824,0.333333333,-1.327022358,,
0.1875,2,-1.739522436,0.918439935,0.375,-1.378151682,,
0.208333333,2,-1.783397788,0.948373114,0.416666667,-1.422027033,,
0.229166667,2,-1.820413688,0.972713478,0.458333333,-1.459042933,,
0.25,2,-1.85092429,0.9914515,0.5,-1.489553535,,
0.270833333,2,-1.875051004,1.005110623,0.541666667,-1.513680249,,
0.291666667,2,-1.892130307,1.014901729,0.583333333,-1.530759552,,
0.3125,2,-1.901334513,1.022097809,0.625,-1.539963758,,
0.333333333,2,-1.90187039,1.027771251,0.666666667,-1.540499635,,
0.354166667,2,-1.892979179,1.032706408,0.708333333,-1.531608425,,
0.375,2,-1.873936583,1.037355704,0.75,-1.512565829,,
0.395833333,2,-1.844052762,1.041835242,0.791666667,-1.482682007,,
0.416666667,2,-1.802672334,1.045956973,0.833333333,-1.441301579,,
0.4375,2,-1.749174375,1.049293632,0.875,-1.38780362,,
0.458333333,2,-1.682972424,1.051272601,0.916666667,-1.321601669,,
0.479166667,2,-1.603514479,1.051296918,0.958333333,-1.242143724,,
0.5,2,-1.510282999,1.048896452,1,-1.148912244,,
0.520833333,2,-1.402844963,1.044072737,1.041666667,-1.041474208,,
0.541666667,2,-1.280993402,1.037906945,1.083333333,-0.919622648,,
0.5625,2,-1.14458215,1.032042388,1.125,-0.783211395,,
0.583333333,2,-0.993473624,1.028440004,1.166666667,-0.632102869,,
0.604166667,2,-0.827538831,1.029283409,1.208333333,-0.466168077,,
0.625,2,-0.646657359,1.036857721,1.25,-0.285286604,,
0.645833333,2,-0.450717374,1.053398339,1.291666667,-0.089346619,,
0.666666667,2,-0.239615625,1.080926501,1.333333333,0.12175513,,
0.6875,2,-0.013257435,1.121108473,1.375,0.348113319,,
0.708333333,2,0.228443297,1.175181439,1.416666667,0.589814052,,
0.729166667,2,0.485564101,1.243973136,1.458333333,0.846934856,,
0.75,2,0.758173934,1.328011159,1.5,1.119544689,,
0.770833333,2,1.046324469,1.427772107,1.541666667,1.407695224,,
0.791666667,2,1.350027694,1.544012471,1.583333333,1.711398449,,
0.8125,2,1.669288626,1.677409325,1.625,2.030659381,,
0.833333333,2,2.004114964,1.82840688,1.666666667,2.365485719,,
0.854166667,2,2.354517089,1.997201991,1.708333333,2.715887844,,
0.875,2,2.720508059,2.183760233,1.75,3.081878814,,
0.895833333,2,3.102103615,2.387846577,1.791666667,3.46347437,,
0.916666667,2,3.499322175,2.60905943,1.833333333,3.86069293,,
0.9375,2,3.912184836,2.846861635,1.875,4.273555591,,
0.958333333,2,4.340715373,3.100605906,1.916666667,4.702086128,,
0.979166667,2,4.784940237,3.369554442,1.958333333,5.146310992,,
1,2,5.244888558,3.652893653,2,5.606259313,,
0,3,-0.957550046,0.662046422,0,-0.596179291,,
0.020833333,3,-1.023682549,0.646724647,0.0625,-0.662311794,,
0.041666667,3,-1.082165459,0.648722585,0.125,-0.720794704,,
0.0625,3,-1.133736335,0.665746318,0.1875,-0.77236558,,
0.083333333,3,-1.179105841,0.694223048,0.25,-0.817735087,,
0.104166667,3,-1.218957745,0.730164553,0.3125,-0.85758699,,
0.125,3,-1.253948914,0.769832093,0.375,-0.892578159,,
0.145833333,3,-1.284709321,0.810060852,0.4375,-0.923338566,,
0.166666667,3,-1.311842035,0.848336624,0.5,-0.950471281,,
0.1875,3,-1.335923227,0.882760115,0.5625,-0.974552472,,
0.208333333,3,-1.35750216,0.911989116,0.625,-0.996131405,,
0.229166667,3,-1.377101191,0.935202341,0.6875,-1.015730436,,
0.25,3,-1.395215769,0.952103053,0.75,-1.033845015,,
0.270833333,3,-1.412108544,0.963126967,0.8125,-1.050737789,,
0.291666667,3,-1.427208349,0.96979332,0.875,-1.065837594,,
0.3125,3,-1.439756937,0.973826549,0.9375,-1.078386182,,
0.333333333,3,-1.449019021,0.976780777,1,-1.087648266,,
0.354166667,3,-1.454282272,0.979903228,1.0625,-1.092911517,,
0.375,3,-1.454857328,0.984041229,1.125,-1.093486573,,
0.395833333,3,-1.450077791,0.989597646,1.1875,-1.088707037,,
0.416666667,3,-1.439300232,0.996539518,1.25,-1.077929477,,
0.4375,3,-1.42190419,1.004459039,1.3125,-1.060533435,,
0.458333333,3,-1.397292176,1.01267929,1.375,-1.035921422,,
0.479166667,3,-1.364889674,1.020393681,1.4375,-1.003518919,,
0.5,3,-1.324145139,1.026829958,1.5,-0.962774384,,
0.520833333,3,-1.274589039,1.031601801,1.5625,-0.913218284,,
0.541666667,3,-1.216005209,1.035314952,1.625,-0.854634454,,
0.5625,3,-1.148243685,1.038949136,1.6875,-0.78687293,,
0.583333333,3,-1.071160234,1.043558586,1.75,-0.709789479,,
0.604166667,3,-0.984616351,1.050175496,1.8125,-0.623245597,,
0.625,3,-0.888479258,1.05974061,1.875,-0.527108503,,
0.645833333,3,-0.782621902,1.073060899,1.9375,-0.421251147,,
0.666666667,3,-0.666922956,1.090796372,2,-0.305552201,,
0.6875,3,-0.541266815,1.113477431,2.0625,-0.17989606,,
0.708333333,3,-0.405543599,1.141551544,2.125,-0.044172844,,
0.729166667,3,-0.259649149,1.175454621,2.1875,0.101721606,,
0.75,3,-0.103485025,1.215699555,2.25,0.25788573,,
0.770833333,3,0.06302699,1.263058264,2.3125,0.424397745,,
0.791666667,3,0.239903896,1.318815276,2.375,0.60127465,,
0.8125,3,0.427149354,1.384308202,2.4375,0.788520108,,
0.833333333,3,0.624768816,1.460676731,2.5,0.986139571,,
0.854166667,3,0.832769524,1.548760146,2.5625,1.194140279,,
0.875,3,1.051160508,1.649050606,2.625,1.412531262,,
0.895833333,3,1.279952585,1.761695423,2.6875,1.64132334,,
0.916666667,3,1.519158362,1.886534355,2.75,1.880529117,,
0.9375,3,1.768792234,2.023155513,2.8125,2.130162989,,
0.958333333,3,2.028870382,2.170955761,2.875,2.390241137,,
0.979166667,3,2.299410775,2.329196118,2.9375,2.66078153,,
1,3,2.580433168,2.497047523,3,2.941803923,,
0,4,-0.957550046,0.662046422,0,-0.596179291,,
0.020833333,4,-0.992644639,0.6452744,0.083333333,-0.631273884,,
0.041666667,4,-1.022196514,0.645402602,0.166666667,-0.660825759,,
0.0625,4,-1.046953315,0.660782045,0.25,-0.68558256,,
0.083333333,4,-1.067642514,0.688238913,0.333333333,-0.70627176,,
0.104166667,4,-1.084971413,0.723902974,0.416666667,-0.723600658,,
0.125,4,-1.099627134,0.763946223,0.5,-0.73825638,,
0.145833333,4,-1.112276632,0.805003231,0.583333333,-0.750905877,,
0.166666667,4,-1.123566682,0.844316881,0.666666667,-0.762195927,,
0.1875,4,-1.134123887,0.879740667,0.75,-0.772753132,,
0.208333333,4,-1.144554673,0.909699939,0.833333333,-0.783183919,,
0.229166667,4,-1.15544529,0.933167491,0.916666667,-0.794074535,,
0.25,4,-1.167361809,0.94967952,1,-0.805991054,,
0.270833333,4,-1.180637488,0.959596863,1.083333333,-0.819266733,,
0.291666667,4,-1.194747338,0.964574025,1.166666667,-0.833376583,,
0.3125,4,-1.208967834,0.966565642,1.25,-0.847597079,,
0.333333333,4,-1.222592666,0.967402278,1.333333333,-0.861221911,,
0.354166667,4,-1.234932737,0.9686329,1.416666667,-0.873561983,,
0.375,4,-1.245316172,0.971403441,1.5,-0.883945417,,
0.395833333,4,-1.253088312,0.976381331,1.583333333,-0.891717558,,
0.416666667,4,-1.257611726,0.983738149,1.666666667,-0.896240972,,
0.4375,4,-1.258266203,0.993195935,1.75,-0.896895448,,
0.458333333,4,-1.254448757,1.004131959,1.833333333,-0.893078002,,
0.479166667,4,-1.245573627,1.015728231,1.916666667,-0.884202872,,
0.5,4,-1.231072279,1.027150289,2,-0.869701524,,
0.520833333,4,-1.210456932,1.037924767,2.083333333,-0.849086177,,
0.541666667,4,-1.183506821,1.048589505,2.166666667,-0.822136066,,
0.5625,4,-1.150070085,1.060016339,2.25,-0.78869933,,
0.583333333,4,-1.10999916,1.073074213,2.333333333,-0.748628405,,
0.604166667,4,-1.063150784,1.088520293,2.416666667,-0.701780029,,
0.625,4,-1.009385991,1.106932365,2.5,-0.648015236,,
0.645833333,4,-0.948570113,1.128681742,2.583333333,-0.587199359,,
0.666666667,4,-0.880572779,1.153944991,2.666666667,-0.519202024,,
0.6875,4,-0.805267912,1.18274999,2.75,-0.443897158,,
0.708333333,4,-0.722533733,1.215049066,2.833333333,-0.361162978,,
0.729166667,4,-0.632252754,1.250810599,2.916666667,-0.270881999,,
0.75,4,-0.534311782,1.290120684,3,-0.172941027,,
0.770833333,4,-0.428619312,1.333378089,3.083333333,-0.067248557,,
0.791666667,4,-0.315155836,1.381571288,3.166666667,0.046214919,,
0.8125,4,-0.193918368,1.435823934,3.25,0.167452387,,
0.833333333,4,-0.06490258,1.497157458,3.333333333,0.296468175,,
0.854166667,4,0.071897201,1.566391149,3.416666667,0.433267955,,
0.875,4,0.216487987,1.644080643,3.5,0.577858742,,
0.895833333,4,0.368878136,1.730493395,3.583333333,0.73024889,,
0.916666667,4,0.529077344,1.825615605,3.666666667,0.890448099,,
0.9375,4,0.697096653,1.929181894,3.75,1.058467408,,
0.958333333,4,0.872948444,2.040717947,3.833333333,1.234319198,,
0.979166667,4,1.056646438,2.159587441,3.916666667,1.418017193,,
1,4,1.248205702,2.28503693,4,1.609576456,,
0,5,-0.957550046,0.662046422,0,-0.596179291,,
0.020833333,5,-0.974021893,0.644578476,0.104166667,-0.612651138,,
0.041666667,5,-0.986215146,0.644046889,0.208333333,-0.624844392,,
0.0625,5,-0.994883503,0.659081311,0.3125,-0.633512748,,
0.083333333,5,-1.00076452,0.686642123,0.416666667,-0.639393765,,
0.104166667,5,-1.004579619,0.722850696,0.520833333,-0.643208864,,
0.125,5,-1.007034079,0.763777759,0.625,-0.645663324,,
0.145833333,5,-1.008817042,0.805915051,0.729166667,-0.647446287,,
0.166666667,5,-1.01060151,0.846352912,0.833333333,-0.649230755,,
0.1875,5,-1.013044345,0.882797187,0.9375,-0.651673591,,
0.208333333,5,-1.016786271,0.91353623,1.041666667,-0.655415516,,
0.229166667,5,-1.022451867,0.937419922,1.145833333,-0.661081113,,
0.25,5,-1.030649576,0.953880742,1.25,-0.669278821,,
0.270833333,5,-1.041755012,0.963226093,1.354166667,-0.680384257,,
0.291666667,5,-1.055270881,0.96718159,1.458333333,-0.693900126,,
0.3125,5,-1.070494485,0.967834704,1.5625,-0.70912373,,
0.333333333,5,-1.086736898,0.967185788,1.666666667,-0.725366143,,
0.354166667,5,-1.103322967,0.966981047,1.770833333,-0.741952212,,
0.375,5,-1.119591311,0.968574586,1.875,-0.758220557,,
0.395833333,5,-1.134894324,0.972831737,1.979166667,-0.773523569,,
0.416666667,5,-1.148598174,0.980090791,2.083333333,-0.787227419,,
0.4375,5,-1.160082804,0.990194429,2.1875,-0.79871205,,
0.458333333,5,-1.168741938,1.002589345,2.291666667,-0.807371183,,
0.479166667,5,-1.173983074,1.016480248,2.395833333,-0.812612319,,
0.5,5,-1.175227493,1.031019268,2.5,-0.813856738,,
0.520833333,5,-1.171976471,1.045705901,2.604166667,-0.810605716,,
0.541666667,5,-1.164006489,1.061076895,2.708333333,-0.802635734,,
0.5625,5,-1.151164548,1.077990213,2.8125,-0.789793793,,
0.583333333,5,-1.13330109,1.097263313,2.916666667,-0.771930335,,
0.604166667,5,-1.110269998,1.119556614,3.020833333,-0.748899243,,
0.625,5,-1.081928593,1.14530657,3.125,-0.720557838,,
0.645833333,5,-1.048137636,1.174706445,3.229166667,-0.686766881,,
0.666666667,5,-1.008761325,1.207730225,3.333333333,-0.647390571,,
0.6875,5,-0.963667299,1.244191477,3.4375,-0.602296544,,
0.708333333,5,-0.912726631,1.283826727,3.541666667,-0.551355876,,
0.729166667,5,-0.855813833,1.326392948,3.645833333,-0.494443078,,
0.75,5,-0.792806853,1.371770664,3.75,-0.431436098,,
0.770833333,5,-0.723606209,1.420160658,3.854166667,-0.362235454,,
0.791666667,5,-0.648190884,1.472369067,3.958333333,-0.28682013,,
0.8125,5,-0.5665583,1.529346759,4.0625,-0.205187545,,
0.833333333,5,-0.478704799,1.591960236,4.166666667,-0.117334044,,
0.854166667,5,-0.384625653,1.660902514,4.270833333,-0.023254899,,
0.875,5,-0.284315058,1.736637713,4.375,0.077055697,,
0.895833333,5,-0.177766135,1.819376689,4.479166667,0.18360462,,
0.916666667,5,-0.064970932,1.909078858,4.583333333,0.296399822,,
0.9375,5,0.054079577,2.005473543,4.6875,0.415450332,,
0.958333333,5,0.179395492,2.108093475,4.791666667,0.540766247,,
0.979166667,5,0.310987987,2.216313687,4.895833333,0.672358742,,
1,5,0.44886931,2.329390563,5,0.810240065,,
0,6,-0.957550046,0.662046422,0,-0.596179291,,
0.020833333,6,-0.961606729,0.644187395,0.125,-0.600235974,,
0.041666667,6,-0.962227568,0.643410222,0.25,-0.600856814,,
0.0625,6,-0.960170295,0.65848515,0.375,-0.59879954,,
0.083333333,6,-0.956179191,0.686416258,0.5,-0.594808437,,
0.104166667,6,-0.950985091,0.723284241,0.625,-0.589614336,,
0.125,6,-0.945305379,0.765071636,0.75,-0.583934624,,
0.145833333,6,-0.939843989,0.808166138,0.875,-0.578473235,,
0.166666667,6,-0.935291408,0.849554848,1,-0.573920653,,
0.1875,6,-0.932324671,0.886846975,1.125,-0.570953916,,
0.208333333,6,-0.931607365,0.918242041,1.25,-0.57023661,,
0.229166667,6,-0.933789624,0.942509542,1.375,-0.57241887,,
0.25,6,-0.939508136,0.959012441,1.5,-0.578137382,,
0.270833333,6,-0.949166751,0.968019548,1.625,-0.587795996,,
0.291666667,6,-0.962286637,0.971299077,1.75,-0.600915883,,
0.3125,6,-0.97817898,0.971023415,1.875,-0.616808225,,
0.333333333,6,-0.99616644,0.969305811,2,-0.634795685,,
0.354166667,6,-1.015583155,0.968028634,2.125,-0.6542124,,
0.375,6,-1.035774741,0.968695188,2.25,-0.674403986,,
0.395833333,6,-1.056098291,0.972318222,2.375,-0.694727536,,
0.416666667,6,-1.075922378,0.97936559,2.5,-0.714551623,,
0.4375,6,-1.094627051,0.989778872,2.625,-0.733256297,,
0.458333333,6,-1.111603842,1.003067046,2.75,-0.750233088,,
0.479166667,6,-1.126255761,1.018462265,2.875,-0.764885006,,
0.5,6,-1.137997298,1.03511669,3,-0.776626543,,
0.520833333,6,-1.14632244,1.052519937,3.125,-0.784951685,,
0.541666667,6,-1.151005832,1.071220629,3.25,-0.789635077,,
0.5625,6,-1.151893719,1.092082929,3.375,-0.790522964,,
0.583333333,6,-1.148835212,1.11590722,3.5,-0.787464457,,
0.604166667,6,-1.141682292,1.143308565,3.625,-0.780311537,,
0.625,6,-1.130289803,1.174650572,3.75,-0.768919049,,
0.645833333,6,-1.114515461,1.210031778,3.875,-0.753144706,,
0.666666667,6,-1.094219842,1.249317738,4,-0.732849087,,
0.6875,6,-1.069266393,1.292208072,4.125,-0.707895638,,
0.708333333,6,-1.039521424,1.33832602,4.25,-0.678150669,,
0.729166667,6,-1.00485411,1.387319064,4.375,-0.643483355,,
0.75,6,-0.965136491,1.438962169,4.5,-0.603765736,,
0.770833333,6,-0.920263764,1.493355007,4.625,-0.55889301,,
0.791666667,6,-0.870213909,1.551211421,4.75,-0.508843154,,
0.8125,6,-0.814984614,1.613390401,4.875,-0.453613859,,
0.833333333,6,-0.754572673,1.680669312,5,-0.393201918,,
0.854166667,6,-0.688973983,1.753660522,5.125,-0.327603228,,
0.875,6,-0.618183546,1.832760455,5.25,-0.256812791,,
0.895833333,6,-0.54219547,1.918127346,5.375,-0.180824715,,
0.916666667,6,-0.461002966,2.009682675,5.5,-0.099632211,,
0.9375,6,-0.374598351,2.107130104,5.625,-0.013227596,,
0.958333333,6,-0.282973046,2.209985455,5.75,0.078397709,,
0.979166667,6,-0.186117578,2.317611873,5.875,0.175253177,,
1,6,-0.084021578,2.429255621,6,0.277349177,,
0,7,-0.957550046,0.662046422,0,-0.596179291,,
0.020833333,7,-0.952738755,0.643943812,0.145833333,-0.591368,,
0.041666667,7,-0.945093584,0.643086749,0.291666667,-0.583722829,,
0.0625,7,-0.935375147,0.658323541,0.4375,-0.574004392,,
0.083333333,7,-0.924332528,0.68666639,0.583333333,-0.562961773,,
0.104166667,7,-0.912703287,0.724149241,0.729166667,-0.551332532,,
0.125,7,-0.901213452,0.76668149,0.875,-0.539842697,,
0.145833333,7,-0.890577526,0.810572553,1.020833333,-0.529206772,,
0.166666667,7,-0.881498483,0.852735524,1.166666667,-0.520127729,,
0.1875,7,-0.874667769,0.890711955,1.3125,-0.513297014,,
0.208333333,7,-0.8707653,0.922639568,1.458333333,-0.509394545,,
0.229166667,7,-0.870459466,0.947231589,1.604166667,-0.509088712,,
0.25,7,-0.874407128,0.963801484,1.75,-0.513036373,,
0.270833333,7,-0.883032303,0.972589268,1.895833333,-0.521661548,,
0.291666667,7,-0.895869347,0.975391118,2.041666667,-0.534498592,,
0.3125,7,-0.91223936,0.974437932,2.1875,-0.550868606,,
0.333333333,7,-0.93147328,0.971922862,2.333333333,-0.570102525,,
0.354166667,7,-0.952911879,0.969827113,2.479166667,-0.591541125,,
0.375,7,-0.975905771,0.96976498,2.625,-0.614535017,,
0.395833333,7,-0.999815406,0.972861645,2.770833333,-0.638444651,,
0.416666667,7,-1.024011072,0.979686392,2.916666667,-0.662640317,,
0.4375,7,-1.047872896,0.990260593,3.0625,-0.686502141,,
0.458333333,7,-1.070790843,1.004145723,3.208333333,-0.709420088,,
0.479166667,7,-1.09216472,1.020599589,3.354166667,-0.730793965,,
0.5,7,-1.111404171,1.038778493,3.5,-0.750033417,,
0.520833333,7,-1.127997977,1.058168359,3.645833333,-0.766627222,,
0.541666667,7,-1.141719472,1.079331292,3.791666667,-0.780348717,,
0.5625,7,-1.152414361,1.103141728,3.9375,-0.791043606,,
0.583333333,7,-1.159930806,1.130394054,4.083333333,-0.798560051,,
0.604166667,7,-1.164119428,1.161677576,4.229166667,-0.802748674,,
0.625,7,-1.164833305,1.197311241,4.375,-0.803462551,,
0.645833333,7,-1.161927974,1.237334314,4.520833333,-0.800557219,,
0.666666667,7,-1.155261426,1.281544486,4.666666667,-0.793890671,,
0.6875,7,-1.144694112,1.329570761,4.8125,-0.783323357,,
0.708333333,7,-1.130088938,1.380967272,4.958333333,-0.768718183,,
0.729166667,7,-1.111311268,1.435316004,5.104166667,-0.749940514,,
0.75,7,-1.088228921,1.492330036,5.25,-0.726858166,,
0.770833333,7,-1.060733292,1.552051262,5.395833333,-0.699362538,,
0.791666667,7,-1.028801642,1.615143167,5.541666667,-0.667430887,,
0.8125,7,-0.992431852,1.68241424,5.6875,-0.631061097,,
0.833333333,7,-0.951621036,1.754591471,5.833333333,-0.590250281,,
0.854166667,7,-0.90636554,1.832240153,5.979166667,-0.544994785,,
0.875,7,-0.856660942,1.915715627,6.125,-0.495290187,,
0.895833333,7,-0.802502054,2.0051426,6.270833333,-0.441131299,,
0.916666667,7,-0.743882918,2.100416807,6.416666667,-0.382512163,,
0.9375,7,-0.680796811,2.201223015,6.5625,-0.319426056,,
0.958333333,7,-0.61323624,2.307063316,6.708333333,-0.251865485,,
0.979166667,7,-0.541192947,2.417290357,6.854166667,-0.179822192,,
1,7,-0.464657906,2.531141316,7,-0.103287151,,
0,8,-0.957550046,0.662046422,0,-0.596179291,,
0.020833333,8,-0.946087774,0.643780707,0.166666667,-0.584717019,,
0.041666667,8,-0.932243096,0.642916062,0.333333333,-0.570872341,,
0.0625,8,-0.916778785,0.658346966,0.5,-0.55540803,,
0.083333333,8,-0.900447531,0.687078807,0.666666667,-0.539076776,,
0.104166667,8,-0.883991934,0.725100644,0.833333333,-0.522621179,,
0.125,8,-0.868144508,0.768261521,1,-0.506773753,,
0.145833333,8,-0.853627681,0.812810159,1.166666667,-0.492256926,,
0.166666667,8,-0.841153792,0.855604215,1.333333333,-0.479783037,,
0.1875,8,-0.831425096,0.894135427,1.5,-0.470054341,,
0.208333333,8,-0.825133757,0.926496222,1.666666667,-0.463763003,,
0.229166667,8,-0.822961855,0.95135838,1.833333333,-0.461591101,,
0.25,8,-0.825581381,0.967998449,2,-0.464210626,,
0.270833333,8,-0.833431478,0.97663427,2.166666667,-0.472060723,,
0.291666667,8,-0.846056392,0.979081635,2.333333333,-0.484685637,,
0.3125,8,-0.862784659,0.977614032,2.5,-0.501413904,,
0.333333333,8,-0.882953422,0.974483937,2.666666667,-0.521582668,,
0.354166667,8,-0.905908433,0.971747263,2.833333333,-0.544537679,,
0.375,8,-0.931004051,0.971103691,3,-0.569633296,,
0.395833333,8,-0.957603243,0.973766415,3.166666667,-0.596232488,,
0.416666667,8,-0.985077585,0.980385552,3.333333333,-0.62370683,,
0.4375,8,-1.012807261,0.991047334,3.5,-0.651436506,,
0.458333333,8,-1.040181064,1.005357025,3.666666667,-0.678810309,,
0.479166667,8,-1.066596396,1.022594978,3.833333333,-0.705225641,,
0.5,8,-1.091459269,1.041922758,4,-0.730088514,,
0.520833333,8,-1.114254558,1.062825139,4.166666667,-0.752883803,,
0.541666667,8,-1.134754619,1.085876653,4.333333333,-0.773383864,,
0.5625,8,-1.15280475,1.111962034,4.5,-0.791433995,,
0.583333333,8,-1.168252402,1.141873783,4.666666667,-0.806881647,,
0.604166667,8,-1.180947177,1.176184589,4.833333333,-0.819576422,,
0.625,8,-1.190740826,1.215182888,5,-0.829370071,,
0.645833333,8,-1.197487253,1.258866961,5.166666667,-0.836116498,,
0.666666667,8,-1.201042511,1.306987664,5.333333333,-0.839671756,,
0.6875,8,-1.201264803,1.359125712,5.5,-0.839894048,,
0.708333333,8,-1.198014482,1.414788635,5.666666667,-0.836643728,,
0.729166667,8,-1.191154053,1.473515024,5.833333333,-0.829783298,,
0.75,8,-1.180548167,1.534977783,6,-0.819177412,,
0.770833333,8,-1.166085369,1.599182385,6.166666667,-0.804714614,,
0.791666667,8,-1.147742379,1.666762389,6.333333333,-0.786371625,,
0.8125,8,-1.125517224,1.7384965,6.5,-0.764146469,,
0.833333333,8,-1.099407258,1.815081644,6.666666667,-0.738036503,,
0.854166667,8,-1.069409163,1.897054673,6.833333333,-0.708038408,,
0.875,8,-1.03551895,1.984745791,7,-0.674148195,,
0.895833333,8,-0.997731957,2.07825894,7.166666667,-0.636361202,,
0.916666667,8,-0.956042852,2.177473704,7.333333333,-0.594672097,,
0.9375,8,-0.91044563,2.282062832,7.5,-0.549074875,,
0.958333333,8,-0.860933614,2.391519581,7.666666667,-0.49956286,,
0.979166667,8,-0.807499458,2.505189781,7.833333333,-0.446128704,,
1,8,-0.750135142,2.622304702,8,-0.388764388,,
0,9,-0.957550046,0.662046422,0,-0.596179291,,
0.020833333,9,-0.940914789,0.643665459,0.1875,-0.579544034,,
0.041666667,9,-0.922248272,0.642825961,0.375,-0.560877517,,
0.0625,9,-0.902314949,0.658450891,0.5625,-0.540944194,,
0.083333333,9,-0.881870311,0.68753257,0.75,-0.520499556,,
0.104166667,9,-0.861660881,0.72601927,0.9375,-0.500290127,,
0.125,9,-0.842424218,0.769709888,1.125,-0.481053463,,
0.145833333,9,-0.824888912,0.814804852,1.3125,-0.463518158,,
0.166666667,9,-0.809774589,0.858118835,1.5,-0.448403835,,
0.1875,9,-0.797791908,0.897105465,1.6875,-0.436421153,,
0.208333333,9,-0.78964256,0.929822623,1.875,-0.428271805,,
0.229166667,9,-0.786019273,0.954910352,2.0625,-0.424648518,,
0.25,9,-0.787605805,0.971616658,2.25,-0.42623505,,
0.270833333,9,-0.794853065,0.980141832,2.4375,-0.43348231,,
0.291666667,9,-0.807312989,0.982316114,2.625,-0.445942235,,
0.3125,9,-0.824319899,0.980445321,2.8125,-0.462949144,,
0.333333333,9,-0.845215763,0.97682762,3,-0.483845008,,
0.354166667,9,-0.869350204,0.973577264,3.1875,-0.507979449,,
0.375,9,-0.896080495,0.972461478,3.375,-0.53470974,,
0.395833333,9,-0.924771562,0.974763993,3.5625,-0.563400808,,
0.416666667,9,-0.954795982,0.981200566,3.75,-0.593425227,,
0.4375,9,-0.985533982,0.99191084,3.9375,-0.624163227,,
0.458333333,9,-1.016373444,1.006536775,4.125,-0.65500269,,
0.479166667,9,-1.046709902,1.024378218,4.3125,-0.685339147,,
0.5,9,-1.075946539,1.044602068,4.5,-0.714575784,,
0.520833333,9,-1.103565198,1.066693053,4.6875,-0.742194443,,
0.541666667,9,-1.129337469,1.09123657,4.875,-0.767966715,,
0.5625,9,-1.153108339,1.119126653,5.0625,-0.791737584,,
0.583333333,9,-1.174724703,1.151155568,5.25,-0.813353948,,
0.604166667,9,-1.194035371,1.18788433,5.4375,-0.832664616,,
0.625,9,-1.210891064,1.229579012,5.625,-0.849520309,,
0.645833333,9,-1.225144414,1.276207644,5.8125,-0.86377366,,
0.666666667,9,-1.236649967,1.327486613,6,-0.875279212,,
0.6875,9,-1.245264178,1.382961369,6.1875,-0.883893423,,
0.708333333,9,-1.250845413,1.442105798,6.375,-0.889474659,,
0.729166667,9,-1.253253953,1.504427623,6.5625,-0.891883198,,
0.75,9,-1.252351986,1.569571681,6.75,-0.890981232,,
0.770833333,9,-1.248025838,1.637518715,6.9375,-0.886655084,,
0.791666667,9,-1.240251811,1.708883207,7.125,-0.878881056,,
0.8125,9,-1.229028042,1.784425168,7.3125,-0.867657288,,
0.833333333,9,-1.214352074,1.864822552,7.5,-0.852981319,,
0.854166667,9,-1.196220849,1.950594171,7.6875,-0.834850095,,
0.875,9,-1.174630715,2.042054259,7.875,-0.813259961,,
0.895833333,9,-1.149577422,2.139293569,8.0625,-0.788206667,,
0.916666667,9,-1.12105612,2.242181465,8.25,-0.759685366,,
0.9375,9,-1.089061367,2.35038316,8.4375,-0.727690612,,
0.958333333,9,-1.053587119,2.463386431,8.625,-0.692216364,,
0.979166667,9,-1.014626739,2.580532922,8.8125,-0.653255984,,
1,9,-0.97217299,2.701050269,9,-0.610802235,,
0,10,-0.957550046,0.662046422,0,-0.596179291,,
0.020833333,10,-0.936776401,0.643580582,0.208333333,-0.575405646,,
0.041666667,10,-0.914252412,0.642780766,0.416666667,-0.552881657,,
0.0625,10,-0.89074388,0.658588001,0.625,-0.529373125,,
0.083333333,10,-0.867008535,0.687979201,0.833333333,-0.50563778,,
0.104166667,10,-0.84379604,0.72686629,1.041666667,-0.482425285,,
0.125,10,-0.821847987,0.77100605,1.25,-0.460477232,,
0.145833333,10,-0.801897898,0.816559645,1.458333333,-0.440527143,,
0.166666667,10,-0.784671228,0.860307494,1.666666667,-0.423300473,,
0.1875,10,-0.770885358,0.89967317,1.875,-0.409514604,,
0.208333333,10,-0.761249604,0.932687378,2.083333333,-0.399878849,,
0.229166667,10,-0.756465209,0.957965111,2.291666667,-0.395094454,,
0.25,10,-0.757225347,0.974731666,2.5,-0.395854592,,
0.270833333,10,-0.763990337,0.983173124,2.708333333,-0.402619583,,
0.291666667,10,-0.776318271,0.985130779,2.916666667,-0.414947516,,
0.3125,10,-0.793548094,0.982935786,3.125,-0.43217734,,
0.333333333,10,-0.815025639,0.978922554,3.333333333,-0.453654884,,
0.354166667,10,-0.840103624,0.975252091,3.541666667,-0.478732869,,
0.375,10,-0.868141654,0.973746312,3.75,-0.506770899,,
0.395833333,10,-0.898506219,0.975746633,3.958333333,-0.537135464,,
0.416666667,10,-0.930570699,0.982023036,4.166666667,-0.569199944,,
0.4375,10,-0.963715356,0.992759756,4.375,-0.602344601,,
0.458333333,10,-0.997327343,1.007629775,4.583333333,-0.635956588,,
0.479166667,10,-1.030800696,1.025949779,4.791666667,-0.669429941,,
0.5,10,-1.063536342,1.046891689,5,-0.702165587,,
0.520833333,10,-1.095013692,1.069940693,5.208333333,-0.733642937,,
0.541666667,10,-1.125003729,1.095691553,5.416666667,-0.763632974,,
0.5625,10,-1.153351185,1.125046435,5.625,-0.79198043,,
0.583333333,10,-1.179902516,1.158798062,5.833333333,-0.818531761,,
0.604166667,10,-1.204505897,1.197498724,6.041666667,-0.843135142,,
0.625,10,-1.227011223,1.2413973,6.25,-0.865640468,,
0.645833333,10,-1.247270112,1.29043846,6.458333333,-0.885899357,,
0.666666667,10,-1.265135901,1.344312058,6.666666667,-0.903765147,,
0.6875,10,-1.280463648,1.402536573,6.875,-0.919092894,,
0.708333333,10,-1.293110131,1.464560398,7.083333333,-0.931739377,,
0.729166667,10,-1.302933849,1.529868151,7.291666667,-0.941563094,,
0.75,10,-1.30979502,1.598083982,7.5,-0.948424265,,
0.770833333,10,-1.313578195,1.66917087,7.708333333,-0.95220744,,
0.791666667,10,-1.31425934,1.743730451,7.916666667,-0.952888585,,
0.8125,10,-1.311836683,1.822510395,8.125,-0.950465928,,
0.833333333,10,-1.306307915,1.906176097,8.333333333,-0.94493716,,
0.854166667,10,-1.297670188,1.995234427,8.541666667,-0.936299433,,
0.875,10,-1.285920119,2.089989063,8.75,-0.924549365,,
0.895833333,10,-1.271053786,2.190522103,8.958333333,-0.909683031,,
0.916666667,10,-1.253066729,2.296696289,9.166666667,-0.891695974,,
0.9375,10,-1.231953952,2.40817204,9.375,-0.870583197,,
0.958333333,10,-1.207709919,2.524433727,9.583333333,-0.846339165,,
0.979166667,10,-1.18032856,2.644820438,9.791666667,-0.818957806,,
1,10,-1.149803266,2.768557571,10,-0.788432511,,
