"banner.arg","banner.vd","value","se","x","z1","z2"
"1",0,1,1.18369903848612,0.517234078276767,0,0.155376620339852,0.277412917263395
"2",0.0208333333333333,1,0.221734470882343,0.18560684921473,0.0208333333333333,-0.43593914223106,-0.0571601743304591
"3",0.0416666666666667,1,-0.67357019998108,0.213952142860182,0.0416666666666667,-0.986279333558112,-0.368548828067833
"4",0.0625,1,-0.993669283429626,0.265023605474501,0.0625,-1.18304295667067,-0.47987989323639
"5",0.0833333333333333,1,-1.02695263506146,0.23382558037687,0.0833333333333333,-1.20350209946438,-0.491455905731121
"6",0.104166666666667,1,-1.12238779924011,0.318674699255435,0.104166666666667,-1.262165712224,-0.524648435894216
"7",0.125,1,-1.37475269868811,0.489874362221025,0.125,-1.41729340402137,-0.612421424070292
"8",0.145833333333333,1,-1.77640572737772,0.686042485844164,0.145833333333333,-1.66418791027135,-0.752117105265142
"9",0.166666666666667,1,-2.33895929559597,0.889665021560568,0.166666666666667,-2.00998733301576,-0.947774297686242
"10",0.1875,1,-3.05294146951527,1.12861662557579,0.1875,-2.44886931250986,-1.19609864487724
"11",0.208333333333333,1,-3.81943976850293,1.44792891214084,0.208333333333333,-2.92003274351253,-1.46268819945153
"12",0.229166666666667,1,-4.46260413102489,1.85252456944017,0.229166666666667,-3.31538329829487,-1.68638197822342
"13",0.25,1,-4.81123929383487,2.29489800529547,0.25,-3.5296879349714,-1.80763794563418
"14",0.270833333333333,1,-4.77886920089725,2.71097478248277,0.270833333333333,-3.50979016863518,-1.79637956623638
"15",0.291666666666667,1,-4.39124299535892,3.05692454263391,0.291666666666667,-3.27151789433372,-1.66156244059858
"16",0.3125,1,-3.75730223852095,3.32260412054746,0.3125,-2.88183705298196,-1.44107664928616
"17",0.333333333333333,1,-3.01148286549258,3.51844946167303,0.333333333333333,-2.42338487485134,-1.18167926417636
"18",0.354166666666667,1,-2.26066614289127,3.65250560155495,0.354166666666667,-1.96186084597583,-0.920543791456381
"19",0.375,1,-1.55686778677508,3.72404252918418,0.375,-1.52923881845182,-0.675761395311563
"20",0.395833333333333,1,-0.899552724940761,3.73739418181512,0.395833333333333,-1.12518988554143,-0.447145976620073
"21",0.416666666666667,1,-0.258213293020507,3.70998655502913,0.416666666666667,-0.730961108282635,-0.224086912154627
"22",0.4375,1,0.399613484926453,3.65668463780568,0.4375,-0.326597625529606,0.0047064823663163
"23",0.458333333333333,1,1.08772616621885,3.5702991773909,0.458333333333333,0.0963824805741801,0.244033371212559
"24",0.479166666666667,1,1.79437217788687,3.43023191889719,0.479166666666667,0.530754950547818,0.489806187331105
"25",0.5,1,2.48817211676484,3.23360274548036,0.5,0.957230991085577,0.731111115096011
"26",0.520833333333333,1,3.13094353346659,3.0118244879937,0.520833333333333,1.35234000364781,0.954668226570253
"27",0.541666666666667,1,3.69017773361826,2.81569275471424,0.541666666666667,1.69609902415118,1.149170936515
"28",0.5625,1,4.145905393689,2.69475387401687,0.5625,1.97623298949114,1.30767387652921
"29",0.583333333333333,1,4.49045986622771,2.70169768907316,0.583333333333333,2.18802924222003,1.4275105721644
"30",0.604166666666667,1,4.72328330367887,2.89146315350092,0.604166666666667,2.33114487568224,1.50848700298823
"31",0.625,1,4.84486139787475,3.27099208107147,0.625,2.40587844269961,1.55077209353634
"32",0.645833333333333,1,4.85350012391511,3.76899663363238,0.645833333333333,2.41118863295841,1.55377665875225
"33",0.666666666666667,1,4.7464753782754,4.28689520459736,0.666666666666667,2.34540095094477,1.51655325029042
"34",0.6875,1,4.52439834164273,4.75966207297543,0.6875,2.20889108697645,1.43931443794697
"35",0.708333333333333,1,4.19587234550691,5.16599960989573,0.708333333333333,2.00694747442394,1.32505247664635
"36",0.729166666666667,1,3.77951461906775,5.49964659946085,0.729166666666667,1.7510140494279,1.1802424738302
"37",0.75,1,3.3020523172909,5.74936406301913,0.75,1.45751988697937,1.01418018442289
"38",0.770833333333333,1,2.79348750967061,5.92036519736671,0.770833333333333,1.14490713889883,0.837300384800746
"39",0.791666666666667,1,2.28193998792466,6.07193831999169,0.791666666666667,0.830460928404865,0.659383191578081
"40",0.8125,1,1.79074972180763,6.30616964507317,0.8125,0.528528241320666,0.488546290272096
"41",0.833333333333333,1,1.33860376015308,6.68427414193374,0.833333333333333,0.2505959316358,0.331289071724781
"42",0.854166666666667,1,0.940419401188772,7.1600890450277,0.854166666666667,0.00583360275782956,0.192799800404885
"43",0.875,1,0.601436299554879,7.63665733042786,0.875,-0.202537950615081,0.0749008380821482
"44",0.895833333333333,1,0.29880684983316,8.09873851744596,0.895833333333333,-0.388563059922769,-0.0303542555154855
"45",0.916666666666667,1,0.0206519012575815,8.5472467328218,0.916666666666667,-0.559543791509951,-0.127097071437364
"46",0.9375,1,-0.239121476114061,8.982906255615,0.9375,-0.719225444981625,-0.217446742213186
"47",0.958333333333333,1,-0.484444005974743,9.40676679196447,0.958333333333333,-0.87002422043106,-0.302770380959641
"48",0.979166666666667,1,-0.718084973310205,9.81993893597635,0.979166666666667,-1.01364238623515,-0.384031150219702
"49",1,1,-0.942098310847474,10.2234730807757,1,-1.15134248660565,-0.461943411671074
"50",0,2,1.18369903848612,0.517234078276767,0,0.155376620339852,-0.0150323308031515
"51",0.0208333333333333,2,0.537074699082929,0.225520694788369,0.0416666666666667,-0.242100768358106,-0.330537771680231
"52",0.0416666666666667,2,-0.229071649665118,0.168575215156182,0.0833333333333333,-0.713047856959683,-0.704361221878875
"53",0.0625,2,-0.558626717568417,0.328110300870118,0.125,-0.915624035801453,-0.865160020587988
"54",0.0833333333333333,2,-0.354614368201803,0.256417100116864,0.166666666666667,-0.790218462662618,-0.765616897465386
"55",0.104166666666667,2,-0.0129439742340971,0.148400228706606,0.208333333333333,-0.580195041467197,-0.598906704677219
"56",0.125,2,0.0892187337145414,0.182838089079912,0.25,-0.517396034527223,-0.549058766317395
"57",0.145833333333333,2,-0.0609285190995208,0.196979587284892,0.291666666666667,-0.609690948795047,-0.622319657237935
"58",0.166666666666667,2,-0.194405027481756,0.193797887426134,0.333333333333333,-0.691738423304372,-0.687446442695376
"59",0.1875,2,-0.0767082050946586,0.228642968514238,0.375,-0.61939065850534,-0.630018991276912
"60",0.208333333333333,2,0.267605522247382,0.282401788617516,0.416666666666667,-0.407742390883541,-0.462019044901021
"61",0.229166666666667,2,0.580254974045629,0.308940255334735,0.458333333333333,-0.21555802647605,-0.309468951873859
"62",0.25,2,0.571181406136981,0.296199684745997,0.5,-0.221135512287722,-0.313896190177305
"63",0.270833333333333,2,0.11759280104822,0.312333528414212,0.541666666666667,-0.49995460910711,-0.5352142942212
"64",0.291666666666667,2,-0.670521822389513,0.432974902414247,0.583333333333333,-0.984405508075484,-0.919756657657281
"65",0.3125,2,-1.53042086310248,0.615202151429251,0.625,-1.51298200051301,-1.33932457277834
"66",0.333333333333333,2,-2.19402197867641,0.801408991778809,0.666666666666667,-1.9208949454523,-1.66311344025109
"67",0.354166666666667,2,-2.5053634740634,0.961706874863062,0.708333333333333,-2.11227531429823,-1.81502534609748
"68",0.375,2,-2.45093310622833,1.07724391114062,0.75,-2.07881718543639,-1.78846730280335
"69",0.395833333333333,2,-2.11728530846875,1.14324738662778,0.791666666666667,-1.87372522196236,-1.62567155090363
"70",0.416666666666667,2,-1.62960365091381,1.18126860672787,0.833333333333333,-1.573949262493,-1.3877185277982
"71",0.4375,2,-1.10144387057738,1.22682499773915,0.875,-1.24929156325271,-1.13001513775509
"72",0.458333333333333,2,-0.605247255514641,1.28764556784664,0.916666666666667,-0.944281493545253,-0.88790743741462
"73",0.479166666666667,2,-0.165738492849519,1.32479974894674,0.958333333333333,-0.674117219408524,-0.673459267922601
"74",0.5,2,0.228515271793728,1.29344570035342,1,-0.431771011099427,-0.481092231528606
"75",0.520833333333333,2,0.604314549756586,1.20925133847682,1.04166666666667,-0.200768701756849,-0.297729636510309
"76",0.541666666666667,2,0.983230229278146,1.19599004173336,1.08333333333333,0.0321492471282022,-0.112846465188567
"77",0.5625,2,1.36838743995338,1.39961494369006,1.125,0.268903840187104,0.0750821173841762
"78",0.583333333333333,2,1.74216450452083,1.77962610764728,1.16666666666667,0.498663103063876,0.257458019990838
"79",0.604166666666667,2,2.07446264243975,2.17544591441318,1.20833333333333,0.702925436045514,0.41959523648273
"80",0.625,2,2.33835937831034,2.46723954757848,1.25,0.865141701453297,0.548357565586707
"81",0.645833333333333,2,2.53168729388378,2.62668278045552,1.29166666666667,0.983979595980239,0.642687465530068
"82",0.666666666666667,2,2.69855628533108,2.73104723708299,1.33333333333333,1.0865532959377,0.724107343358804
"83",0.6875,2,2.85852085535803,2.82068011483079,1.375,1.18488287573234,0.8021583679114
"84",0.708333333333333,2,3.01708096322564,2.91141649078858,1.41666666666667,1.28234913826903,0.879524117528035
"85",0.729166666666667,2,3.17362687737632,3.00826275263807,1.45833333333333,1.37857728400412,0.955907087750284
"86",0.75,2,3.32466642023411,3.11175038038934,1.5,1.47142068538406,1.02960335102921
"87",0.770833333333333,2,3.46576606215532,3.2217191799401,1.54166666666667,1.55815406951375,1.09844966877382
"88",0.791666666666667,2,3.59271064016952,3.33895158624557,1.58333333333333,1.63618639261655,1.16038934937769
"89",0.8125,2,3.70210817255288,3.46526842103062,1.625,1.70343261712748,1.2137673535483
"90",0.833333333333333,2,3.79162428897208,3.60289783546985,1.66666666666667,1.75845781496263,1.25744467909176
"91",0.854166666666667,2,3.85999642463797,3.75377877957146,1.70833333333333,1.80048589260856,1.290805286623
"92",0.875,2,3.90693218384999,3.91914459542163,1.75,1.82933711560052,1.31370650840002
"93",0.895833333333333,2,3.9329545542352,4.09944730544057,1.79166666666667,1.84533296233587,1.32640352417989
"94",0.916666666666667,2,3.93922828151079,4.29451725919094,1.83333333333333,1.84918939733677,1.32946464478641
"95",0.9375,2,3.92738604477955,4.50380763317195,1.875,1.84191002190122,1.32368649835241
"96",0.958333333333333,2,3.89936541543379,4.72660677474829,1.91666666666667,1.82468585339512,1.31001447817522
"97",0.979166666666667,2,3.85726371424704,4.96216339125908,1.95833333333333,1.79880610648845,1.28947192358029
"98",1,2,3.80321535580144,5.20972387436341,2,1.7655827972666,1.26310027296194
"99",0,3,1.18369903848612,0.517234078276767,0,0.155376620339852,0.207643952772771
"100",0.0208333333333333,3,0.638531162256557,0.241631089693329,0.0625,-0.179735887249541,-0.172081856439137
"101",0.0416666666666667,3,-0.0563864589255103,0.146903486607258,0.125,-0.606898962618126,-0.656112863298869
"102",0.0625,3,-0.391874948505711,0.343050229043899,0.1875,-0.813122391973781,-0.889790678411878
"103",0.0833333333333333,3,-0.172972652911371,0.302227053466789,0.25,-0.678564028592141,-0.737318651065381
"104",0.104166666666667,3,0.263330076204861,0.172270077417893,0.3125,-0.410370490422864,-0.433420688439896
"105",0.125,3,0.425766077390769,0.190058466202669,0.375,-0.310521731804368,-0.320279132077369
"106",0.145833333333333,3,0.135920261840985,0.196637469597453,0.4375,-0.488688792444384,-0.52216545307179
"107",0.166666666666667,3,-0.331741157266817,0.17610310786461,0.5,-0.776158391614308,-0.847905685669654
"108",0.1875,3,-0.502738120041549,0.209284551664374,0.5625,-0.881269538995048,-0.967010209053332
"109",0.208333333333333,3,-0.0935372259061744,0.264880172251516,0.625,-0.629735390119803,-0.681989488958
"110",0.229166666666667,3,0.770813547085366,0.337038232912795,0.6875,-0.0984224357004973,-0.0799432000476348
"111",0.25,3,1.64335827333348,0.382826437969594,0.75,0.437927308930791,0.527810423551113
"112",0.270833333333333,3,2.04520561057718,0.347303973570167,0.8125,0.684941255869864,0.807709170281854
"113",0.291666666666667,3,1.74400447262082,0.270230553236293,0.875,0.499794124077323,0.597913525980417
"114",0.3125,3,0.855425099939947,0.295814613925859,0.9375,-0.0464120534229626,-0.0210087107329104
"115",0.333333333333333,3,-0.258143107084361,0.406728842070088,1,-0.730917965269107,-0.796642431944513
"116",0.354166666666667,3,-1.19702784022263,0.488970363540583,1.0625,-1.30804664613598,-1.45060386399615
"117",0.375,3,-1.71677561375178,0.523915631701017,1.125,-1.62753351852099,-1.81262380775077
"118",0.395833333333333,3,-1.81692505046628,0.541892735132009,1.1875,-1.68909497570584,-1.88238090011935
"119",0.416666666666667,3,-1.59104869603718,0.561329422261763,1.25,-1.55024968632196,-1.7250512312096
"120",0.4375,3,-1.17555401900098,0.611930468381922,1.3125,-1.29484677433341,-1.4356467021827
"121",0.458333333333333,3,-0.698693286946872,0.718794987623412,1.375,-1.00172239438136,-1.10349887165943
"122",0.479166666666667,3,-0.24934911109165,0.866423190024425,1.4375,-0.725512331193178,-0.79051714945789
"123",0.5,3,0.127064100907537,1.00869545911266,1.5,-0.494132639060125,-0.528334035307821
"124",0.520833333333333,3,0.416285948197451,1.10129269017784,1.5625,-0.31634912920756,-0.326882326957932
"125",0.541666666666667,3,0.619911108789745,1.12349227405147,1.625,-0.191181559455811,-0.185051283249746
"126",0.5625,3,0.745538245815799,1.09061204418313,1.6875,-0.113959062045948,-0.0975482069567718
"127",0.583333333333333,3,0.803956244920725,1.05437369788087,1.75,-0.0780497522315102,-0.0568583149989454
"128",0.604166666666667,3,0.810480692261677,1.07642190139092,1.8125,-0.0740392006117358,-0.0523138413528857
"129",0.625,3,0.786545646345254,1.17927781078069,1.875,-0.0887519773655562,-0.0689853201311234
"130",0.645833333333333,3,0.75891154798017,1.33829430766085,1.9375,-0.105738546827686,-0.0882333001040014
"131",0.666666666666667,3,0.755793985702534,1.52573823555061,2,-0.107654899859435,-0.0904047759195451
"132",0.6875,3,0.800954225611064,1.73516000663042,2.0625,-0.0798950814641313,-0.0589493116649905
"133",0.708333333333333,3,0.90802789261987,1.96909096423314,2.125,-0.0140773276810677,0.0156307151909664
"134",0.729166666666667,3,1.07766776356874,2.2185404220194,2.1875,0.0901996207957718,0.133789983334528
"135",0.75,3,1.29886872768639,2.4575326669812,2.25,0.226170966501845,0.287863102387232
"136",0.770833333333333,3,1.55377167579076,2.6545123705411,2.3125,0.382858786631614,0.465410666100756
"137",0.791666666666667,3,1.82376352620322,2.78863563358529,2.375,0.548821694509045,0.653468103724471
"138",0.8125,3,2.094252587043,2.85999865316253,2.4375,0.715090235642511,0.841871863353009
"139",0.833333333333333,3,2.35611871831523,2.88856454967389,2.5,0.876058296545676,1.02426949340094
"140",0.854166666666667,3,2.60421771533447,2.90447763225583,2.5625,1.02856375522483,1.19707790071092
"141",0.875,3,2.83546249021624,2.93803711689542,2.625,1.17070899113551,1.35814683579805
"142",0.895833333333333,3,3.0478479784125,3.01286831307598,2.6875,1.30126149913963,1.5060797109483
"143",0.916666666666667,3,3.24013992737271,3.14175670939939,2.75,1.41946258914328,1.64001683216838
"144",0.9375,3,3.41178800803323,3.32582256486464,2.8125,1.52497397607766,1.75957487872694
"145",0.958333333333333,3,3.56286952460975,3.55739772421172,2.875,1.6178431785342,1.86480769533336
"146",0.979166666666667,3,3.69400433908734,3.82471982840461,2.9375,1.6984512231897,1.95614703448839
"147",1,3,3.80623692583356,4.11593303766657,3,1.76744014424992,2.03432040397763
"148",0,4,1.18369903848612,0.517234078276767,0,0.155376620339852,0.283321526279842
"149",0.0208333333333333,4,0.687207193355036,0.249494641711261,0.0833333333333333,-0.149814926106845,-0.0908770042934948
"150",0.0416666666666667,4,0.0347626711348257,0.135178002511521,0.166666666666667,-0.550869957845568,-0.582614751629442
"151",0.0625,4,-0.294455290326703,0.342355768470893,0.25,-0.753238918709259,-0.830741440164939
"152",0.0833333333333333,4,-0.0823158723144947,0.320055036030259,0.333333333333333,-0.622837669060627,-0.670855111164121
"153",0.104166666666667,4,0.369968914797521,0.190858127871954,0.416666666666667,-0.344820023923698,-0.329974783727306
"154",0.125,4,0.546590924963792,0.195373026598196,0.5,-0.236251182465814,-0.196857397572296
"155",0.145833333333333,4,0.190187140161561,0.209214036785437,0.583333333333333,-0.45533115993157,-0.465473637439358
"156",0.166666666666667,4,-0.470740148429544,0.224992148291594,0.666666666666667,-0.861600514145612,-0.963604719816585
"157",0.1875,4,-0.896999052076331,0.292281935030899,0.75,-1.12362015307098,-1.28486972538041
"158",0.208333333333333,4,-0.645821889394215,0.315928333446785,0.833333333333333,-0.969222558301203,-1.09556122794796
"159",0.229166666666667,4,0.306613223321755,0.325689877730753,0.916666666666667,-0.383764513440105,-0.377725027535299
"160",0.25,4,1.54214215293445,0.390423048504451,1,0.375710165562083,0.553474778616314
"161",0.270833333333333,4,2.46103042315539,0.439685419493061,1.08333333333333,0.94054710085237,1.24602722202447
"162",0.291666666666667,4,2.62926350313131,0.425448054770447,1.16666666666667,1.04395930055886,1.37282199607397
"163",0.3125,4,1.99324532785421,0.391193701144647,1.25,0.653001478422273,0.893464542491236
"164",0.333333333333333,4,0.859326630934895,0.376492288918811,1.33333333333333,-0.0440137979641173,0.038846859768136
"165",0.354166666666667,4,-0.309775881942914,0.373968130401852,1.41666666666667,-0.762656424945631,-0.84228834254918
"166",0.375,4,-1.13839837055057,0.398304046641697,1.5,-1.27200734621185,-1.46680880683826
"167",0.395833333333333,4,-1.48032794152018,0.452877313137866,1.58333333333333,-1.48219008247113,-1.72451604668753
"168",0.416666666666667,4,-1.39459911767135,0.487180884064996,1.66666666666667,-1.42949291819329,-1.6599035052599
"169",0.4375,4,-1.0416941661741,0.480660172385211,1.75,-1.21256365953103,-1.39392428409573
"170",0.458333333333333,4,-0.590344586230822,0.491541386003008,1.83333333333333,-0.935120882490883,-1.05374880841379
"171",0.479166666666667,4,-0.159490763488828,0.602641435093014,1.91666666666667,-0.670276765221676,-0.729020680564296
"172",0.5,4,0.195037652628677,0.801525228471468,2,-0.452349569366861,-0.461817878224938
"173",0.520833333333333,4,0.461577696833513,1.00638265107653,2.08333333333333,-0.288508472924746,-0.260930605133736
"174",0.541666666666667,4,0.644515031400076,1.14311989792364,2.16666666666667,-0.176057626880203,-0.123053452763312
"175",0.5625,4,0.746078513091196,1.17556128376826,2.25,-0.113626961918042,-0.0465065648709336
"176",0.583333333333333,4,0.764431271346151,1.12434270339177,2.33333333333333,-0.102345595006741,-0.0326743635199551
"177",0.604166666666667,4,0.702173014482341,1.06571366644434,2.41666666666667,-0.1406154958675,-0.0795974871582582
"178",0.625,4,0.575458933350315,1.08449404631226,2.5,-0.218506133461045,-0.175100008352814
"179",0.645833333333333,4,0.417155474019494,1.19247638297045,2.58333333333333,-0.315814635171239,-0.294410974780933
"180",0.666666666666667,4,0.27201467810535,1.332055259296,2.66666666666667,-0.405032100456792,-0.403801437262705
"181",0.6875,4,0.185844033216779,1.46043219313304,2.75,-0.458000850356217,-0.46874697264677
"182",0.708333333333333,4,0.19322495527684,1.58600788071376,2.83333333333333,-0.453463827160764,-0.463184081299738
"183",0.729166666666667,4,0.308641949283432,1.74362620282808,2.91666666666667,-0.38251746372593,-0.376196006905373
"184",0.75,4,0.524106606966824,1.9451633595955,3,-0.250072202584448,-0.213803494145519
"185",0.770833333333333,4,0.813600782400256,2.15512922582459,3.08333333333333,-0.0721212937140012,0.00438396677467005
"186",0.791666666666667,4,1.14226694483539,2.31168969239969,3.16666666666667,0.12990847850068,0.252094772578406
"187",0.8125,4,1.47723298283327,2.36359700875653,3.25,0.335810758963532,0.504553701038127
"188",0.833333333333333,4,1.79836267983796,2.30397844192715,3.33333333333333,0.53320789609666,0.746584384766455
"189",0.854166666666667,4,2.10692075133893,2.19898216122739,3.41666666666667,0.722877305440392,0.979140021046286
"190",0.875,4,2.40183428423399,2.10816385759639,3.5,0.904159471612806,1.20141197120568
"191",0.895833333333333,4,2.68063299599676,2.09280068857152,3.58333333333333,1.07553592184989,1.41153841998919
"192",0.916666666666667,4,2.94072283580584,2.20173196902651,3.66666666666667,1.23541210351296,1.60756426981542
"193",0.9375,4,3.17988208535979,2.44297728712576,3.75,1.38242233527041,1.78781504459398
"194",0.958333333333333,4,3.39670335119774,2.78373206625162,3.83333333333333,1.51570149800498,1.95123001277375
"195",0.979166666666667,4,3.59085850141865,3.17848117425991,3.91666666666667,1.63504789035281,2.09756186621382
"196",1,4,3.76306755442973,3.59097354451938,4,1.74090410474178,2.22735327209514
"197",0,5,1.18369903848612,0.517234078276767,0,0.155376620339852,0.250647929380535
"198",0.0208333333333333,5,0.715517978389926,0.254036270883661,0.104166666666667,-0.132412400062058,-0.107534104400204
"199",0.0416666666666667,5,0.0908163432375331,0.128112381291733,0.208333333333333,-0.516413990359285,-0.585462242157561
"200",0.0625,5,-0.229956053252586,0.338305469286963,0.3125,-0.713591496298756,-0.83086924203053
"201",0.0833333333333333,5,-0.0256346013420383,0.326824799241243,0.416666666666667,-0.587995919065556,-0.674553065602297
"202",0.104166666666667,5,0.42135674186422,0.202445454354936,0.520833333333333,-0.313232132672673,-0.332582229876674
"203",0.125,5,0.59588825874456,0.19905527097045,0.625,-0.205948309055518,-0.199056850481374
"204",0.145833333333333,5,0.210280857841299,0.221615299033526,0.729166666666667,-0.442979632242483,-0.494065886233606
"205",0.166666666666667,5,-0.539527775831983,0.267761316394756,0.833333333333333,-0.903883992896018,-1.06770716360667
"206",0.1875,5,-1.10494416173034,0.36157403357877,0.9375,-1.25144317818951,-1.50027910701766
"207",0.208333333333333,5,-0.977711590035943,0.380607840260855,1.04166666666667,-1.17323382652624,-1.40293979712911
"208",0.229166666666667,5,-0.04725108273759,0.33524905232263,1.14583333333333,-0.601283483505014,-0.691090759946129
"209",0.25,5,1.31728653956135,0.369450558503948,1.25,0.237492321612521,0.352849079535953
"210",0.270833333333333,5,2.48965021071108,0.465977785679805,1.35416666666667,0.958139569507705,1.24976619099875
"211",0.291666666666667,5,2.94522548628103,0.518433623591468,1.45833333333333,1.23817986470604,1.59830416626486
"212",0.3125,5,2.52669493843826,0.511768971158984,1.5625,0.980910815105442,1.2781072689472
"213",0.333333333333333,5,1.47765556329881,0.45601196458289,1.66666666666667,0.336070517481303,0.475539440111231
"214",0.354166666666667,5,0.262915837760902,0.375341225133385,1.77083333333333,-0.410625121133417,-0.453797482057371
"215",0.375,5,-0.687958074585917,0.379003418210105,1.875,-0.995123502387455,-1.18126379973254
"216",0.395833333333333,5,-1.15910687827821,0.498770669276332,1.97916666666667,-1.28473678287829,-1.54171630647255
"217",0.416666666666667,5,-1.17097808669629,0.593380274717494,2.08333333333333,-1.29203396709358,-1.55079837735716
"218",0.4375,5,-0.886027572664895,0.587934169431021,2.1875,-1.1168760286685,-1.33279691736289
"219",0.458333333333333,5,-0.490216254216788,0.51201525676302,2.29166666666667,-0.873572398280787,-1.02998137201372
"220",0.479166666666667,5,-0.114602962287576,0.48433781129094,2.39583333333333,-0.642684413807354,-0.74261833176036
"221",0.5,5,0.186215943156316,0.617725062708125,2.5,-0.45777223880761,-0.512476755060415
"222",0.520833333333333,5,0.412629502026891,0.837997557090734,2.60416666666667,-0.318596732007557,-0.339259006834684
"223",0.541666666666667,5,0.582331394744236,1.01547517922598,2.70833333333333,-0.214281658998323,-0.209428532578739
"224",0.5625,5,0.702477441579477,1.07024686644537,2.8125,-0.140428365751535,-0.117510770255502
"225",0.583333333333333,5,0.764875953246108,0.996400788106563,2.91666666666667,-0.102072250825854,-0.0697727737439539
"226",0.604166666666667,5,0.758690080407866,0.873026981205303,3.02083333333333,-0.105874682056376,-0.0745052772618351
"227",0.625,5,0.684502007226569,0.82897922081439,3.125,-0.151477793173182,-0.131262880674694
"228",0.645833333333333,5,0.56174408854012,0.928902701950062,3.22916666666667,-0.226936593574231,-0.225178856192304
"229",0.666666666666667,5,0.427082205506633,1.09524247071056,3.33333333333333,-0.309712713128751,-0.328201962525928
"230",0.6875,5,0.32478244350005,1.23885192342377,3.4375,-0.372595966648606,-0.406466420304881
"231",0.708333333333333,5,0.293644155856257,1.33515445573076,3.54166666666667,-0.391736547209808,-0.430288774832447
"232",0.729166666666667,5,0.356193851832212,1.40781598308416,3.64583333333333,-0.35328749989538,-0.382435114728316
"233",0.75,5,0.514180341443354,1.49074124890493,3.75,-0.256173838200937,-0.261567512465269
"234",0.770833333333333,5,0.751280615991816,1.5928521391303,3.85416666666667,-0.110429250123609,-0.0801738898136146
"235",0.791666666666667,5,1.0409852566155,1.68897631430421,3.95833333333333,0.067651030855395,0.141464715885194
"236",0.8125,5,1.35616030583395,1.73848016033967,4.0625,0.261387869870341,0.382589463867985
"237",0.833333333333333,5,1.67693075581396,1.71088962282257,4.16666666666667,0.458564179297848,0.627994974562917
"238",0.854166666666667,5,1.99359126066376,1.60425008235237,4.27083333333333,0.653214121933237,0.870256170737394
"239",0.875,5,2.30254729065932,1.45590126350485,4.375,0.843128154767924,1.10662305655268
"240",0.895833333333333,5,2.60104099819273,1.36203300289444,4.47916666666667,1.02661103993531,1.33498574002625
"241",0.916666666666667,5,2.88537111994989,1.46247529093158,4.58333333333333,1.20138762571697,1.55251256876038
"242",0.9375,5,3.15118224799853,1.80607107310065,4.6875,1.36478066032056,1.75587143685823
"243",0.958333333333333,5,3.39460575604678,2.30388602169962,4.79166666666667,1.51441211467629,1.94210265083525
"244",0.979166666666667,5,3.61351094006986,2.8495461345848,4.89583333333333,1.6489722535635,2.1095761150596
"245",1,5,3.80810532185707,3.37835892083958,5,1.76858863979397,2.25845059412658
"246",0,6,1.18369903848612,0.517234078276767,0,0.155376620339852,0.198059010084109
"247",0.0208333333333333,6,0.733981651875678,0.256972145678129,0.125,-0.121062854003117,-0.146683514511176
"248",0.0416666666666667,6,0.128634638333089,0.123503996165633,0.25,-0.493167236001934,-0.610727965355729
"249",0.0625,6,-0.184399688655437,0.334009004104976,0.375,-0.685588181645677,-0.850692546188116
"250",0.0833333333333333,6,0.0134767360714179,0.329302996594001,0.5,-0.563954336780031,-0.699005241562475
"251",0.104166666666667,6,0.450385070093927,0.209807156349609,0.625,-0.295388535703125,-0.364081828387629
"252",0.125,6,0.618180350125656,0.201717566078984,0.75,-0.192245449866901,-0.235454005280092
"253",0.145833333333333,6,0.219131586730293,0.231022429918088,0.875,-0.437539124682687,-0.541355182831654
"254",0.166666666666667,6,-0.570369500786974,0.296262165926774,1,-0.922842277561524,-1.14656771449033
"255",0.1875,6,-1.20731301871091,0.40526647340996,1.125,-1.31436890411283,-1.63483328511615
"256",0.208333333333333,6,-1.15866788286027,0.426407867023364,1.25,-1.2844669341551,-1.59754309478389
"257",0.229166666666667,6,-0.267211200773578,0.352189637206382,1.375,-0.736492086100044,-0.914173858236856
"258",0.25,6,1.1369878688954,0.351105211888042,1.5,0.126663451687584,0.162251351739223
"259",0.270833333333333,6,2.43094218446659,0.468836423562173,1.625,0.922051981173481,1.15416558663935
"260",0.291666666666667,6,3.05188640403892,0.564344524608425,1.75,1.30374390317954,1.63016648022642
"261",0.3125,6,2.78389110734582,0.586244403088901,1.875,1.13900826886793,1.42472773600088
"262",0.333333333333333,6,1.82362269124719,0.527196847397369,2,0.548735123826269,0.68860908034899
"263",0.354166666666667,6,0.622545628321952,0.412502759344918,2.125,-0.189562130862848,-0.232107688080096
"264",0.375,6,-0.369566011945917,0.392040997288215,2.25,-0.799409178121361,-0.992636592964503
"265",0.395833333333333,6,-0.902289255164618,0.545169325280496,2.375,-1.12687201969752,-1.40100940941709
"266",0.416666666666667,6,-0.97231013073751,0.683088333510438,2.5,-1.16991357115342,-1.45468572734047
"267",0.4375,6,-0.738391018475,0.700781818915682,2.625,-1.02612443077794,-1.27536896594
"268",0.458333333333333,6,-0.391850996602065,0.616503006218628,2.75,-0.813107668834648,-1.00971972583787
"269",0.479166666666667,6,-0.0673759594871181,0.525254354779126,2.875,-0.613654164549365,-0.760984971982212
"270",0.5,6,0.183547724506542,0.572336055163335,3,-0.45941238211302,-0.568632915165567
"271",0.520833333333333,6,0.37132347677462,0.760560248316289,3.125,-0.343987380107686,-0.424688542939747
"272",0.541666666666667,6,0.525567302993192,0.946300619515421,3.25,-0.249174318593909,-0.306448938163495
"273",0.5625,6,0.660200758186989,1.01786853803771,3.375,-0.166415673518462,-0.203242171824481
"274",0.583333333333333,6,0.764121778294861,0.941447843227869,3.5,-0.102535839144412,-0.123578819023005
"275",0.604166666666667,6,0.816791505864603,0.78814833288906,3.625,-0.070159968794131,-0.0832034735443845
"276",0.625,6,0.805769661241234,0.692984481914633,3.75,-0.0769350524904466,-0.0916525543544371
"277",0.645833333333333,6,0.737706919741105,0.765867822450403,3.875,-0.118772946783236,-0.143827813826796
"278",0.666666666666667,6,0.640064200059056,0.936642938136161,4,-0.17879353505928,-0.218678372630515
"279",0.6875,6,0.553076657572631,1.09385535615348,4.125,-0.232264428636637,-0.28536092904919
"280",0.708333333333333,6,0.516345087935165,1.19997908695801,4.25,-0.254843177212282,-0.31351846626297
"281",0.729166666666667,6,0.556473862865518,1.26757897325112,4.375,-0.230176180164682,-0.282756713236976
"282",0.75,6,0.680846377727301,1.32138830210069,4.5,-0.15372489396861,-0.187415736792014
"283",0.770833333333333,6,0.879203998018217,1.375298698727,4.625,-0.031795260119158,-0.0353595592285737
"284",0.791666666666667,6,1.13103997357133,1.42787570992779,4.75,0.12300730428082,0.157691838340146
"285",0.8125,6,1.41452406744649,1.46395651293528,4.875,0.29726384011568,0.375003921694808
"286",0.833333333333333,6,1.71276993272408,1.45499813516992,5,0.480594377642173,0.603632023714281
"287",0.854166666666667,6,2.0157352936494,1.36867266325193,5.125,0.666825970219828,0.835877977506567
"288",0.875,6,2.31840008202062,1.19711303154064,5.25,0.852872802053669,1.06789351961319
"289",0.895833333333333,6,2.61730564323545,1.01576541483804,5.375,1.03660885202764,1.29702732866032
"290",0.916666666666667,6,2.9079462864255,1.05281355633039,5.5,1.21526449003115,1.51982545047305
"291",0.9375,6,3.18416470620787,1.45695765842806,5.625,1.38505484513394,1.73156784294137
"292",0.958333333333333,6,3.43941597568073,2.07089972746188,5.75,1.54195677701227,1.92723732262829
"293",0.979166666666667,6,3.66904161914543,2.72393932345663,5.875,1.68310673933302,2.1032628141853
"294",1,6,3.87219726093935,3.32320973873897,6,1.80798569776201,2.25899703955222
"295",0,7,1.18369903848612,0.517234078276767,0,0.155376620339852,0.149852321548391
"296",0.0208333333333333,7,0.746928704146492,0.259006617211611,0.145833333333333,-0.113104352885314,-0.185078944269193
"297",0.0416666666666667,7,0.155881812923144,0.120283376955006,0.291666666666667,-0.476418507032888,-0.638315045421278
"298",0.0625,7,-0.150316528510333,0.330009503384829,0.4375,-0.664637399765808,-0.873118991624764
"299",0.0833333333333333,7,0.0424159757502974,0.329795163286226,0.583333333333333,-0.546165502185462,-0.725324747050425
"300",0.104166666666667,7,0.468086597403935,0.214568765697366,0.729166666666667,-0.284507477842479,-0.3989051417735
"301",0.125,7,0.627073822252396,0.203216279748062,0.875,-0.186778668210248,-0.276987996123415
"302",0.145833333333333,7,0.221551027072896,0.237284894991488,1.02083333333333,-0.436051904405183,-0.58795752044496
"303",0.166666666666667,7,-0.582446639327896,0.314315498490149,1.16666666666667,-0.930266046197607,-1.20449196646943
"304",0.1875,7,-1.25160821745772,0.430772816652375,1.3125,-1.34159698517453,-1.71762923056127
"305",0.208333333333333,7,-1.24848291780976,0.4535502238965,1.45833333333333,-1.33967587601227,-1.7152326379247
"306",0.229166666666667,7,-0.394275618955776,0.364659831561734,1.60416666666667,-0.814598074473603,-1.06019563247341
"307",0.25,7,1.0081580892352,0.335771530568076,1.75,0.0474723026919675,0.0152411822082537
"308",0.270833333333333,7,2.35071516792316,0.460903872064278,1.89583333333333,0.872736755785984,1.04476243501309
"309",0.291666666666667,7,3.06202280554431,0.582170570512114,2.04166666666667,1.30997470854155,1.59021881957816
"310",0.3125,7,2.89759362979912,0.624007787494257,2.1875,1.20890075351338,1.46412858945082
"311",0.333333333333333,7,2.02093364167768,0.569353164717413,2.33333333333333,0.670021373909291,0.791874051016832
"312",0.354166666666667,7,0.862377491265235,0.443491027673782,2.47916666666667,-0.0421384463519198,-0.0965486450096318
"313",0.375,7,-0.129622077516006,0.408424891138123,2.625,-0.65191660371697,-0.857249739246601
"314",0.395833333333333,7,-0.69093077786698,0.572637219169526,2.77083333333333,-0.996950811174844,-1.28768152167803
"315",0.416666666666667,7,-0.802174134821735,0.734046013326069,2.91666666666667,-1.06533165664871,-1.37298694521369
"316",0.4375,7,-0.61294394808214,0.770879182394632,3.0625,-0.9490126196055,-1.22787840419655
"317",0.458333333333333,7,-0.309954166626725,0.699063441325023,3.20833333333333,-0.762766015825912,-0.995534897657607
"318",0.479166666666667,7,-0.0253107169841751,0.598510928319794,3.35416666666667,-0.587796828649438,-0.777260020908922
"319",0.5,7,0.191434267596248,0.597867276841743,3.5,-0.454564555698005,-0.611052139242935
"320",0.520833333333333,7,0.354071738311728,0.741591843348456,3.64583333333333,-0.354591954567502,-0.486335853237692
"321",0.541666666666667,7,0.497102019078245,0.913527613643028,3.79166666666667,-0.266671814480783,-0.376655068575875
"322",0.5625,7,0.638780892676704,0.994354869545796,3.9375,-0.179582378961607,-0.268010591735003
"323",0.583333333333333,7,0.769113342096357,0.938360757264123,4.08333333333333,-0.0994675448900248,-0.168066962717178
"324",0.604166666666667,7,0.862873102546213,0.795380013039235,4.22916666666667,-0.0418337960847273,-0.0961685923809605
"325",0.625,7,0.899168988286666,0.686770617278036,4.375,-0.0195228606536387,-0.0683355964120362
"326",0.645833333333333,7,0.875571368182824,0.727145101402238,4.52083333333333,-0.0340282231134225,-0.0864311037079063
"327",0.666666666666667,7,0.812272973911589,0.87360194687157,4.66666666666667,-0.0729374922679455,-0.134970598382011
"328",0.6875,7,0.745521580341028,1.02256733926373,4.8125,-0.113969306246468,-0.186157977619841
"329",0.708333333333333,7,0.714344680775719,1.13672482239742,4.95833333333333,-0.133133621401005,-0.21006555012351
"330",0.729166666666667,7,0.7472745842778,1.22488690541319,5.10416666666667,-0.112891741755455,-0.184813710893453
"331",0.75,7,0.854856055196388,1.29891702846741,5.25,-0.0467618429451615,-0.102316353815024
"332",0.770833333333333,7,1.0302713229209,1.35736600965244,5.39583333333333,0.0610652187723777,0.0321984083918231
"333",0.791666666666667,7,1.2564281139144,1.39617325333672,5.54166666666667,0.200082891387939,0.205623603111656
"334",0.8125,7,1.51499285002579,1.415362068935,5.6875,0.359021597923162,0.403900380522643
"335",0.833333333333333,7,1.79194869652065,1.40308688935189,5.83333333333333,0.529265246269295,0.616280125548945
"336",0.854166666666667,7,2.0784075148517,1.32569677730976,5.97916666666667,0.705350333299609,0.835947092567875
"337",0.875,7,2.36940819808341,1.15632307533792,6.125,0.884227286473098,1.05909692561673
"338",0.895833333333333,7,2.66137318168479,0.9419891679601,6.27083333333333,1.06369699121732,1.28298621901361
"339",0.916666666666667,7,2.94957949646424,0.918921070093675,6.41666666666667,1.24085625730763,1.50399322941795
"340",0.9375,7,3.22718574443655,1.31676631827527,6.5625,1.41149970483408,1.71687172578565
"341",0.958333333333333,7,3.48629978373264,1.96541790833781,6.70833333333333,1.57077606583442,1.91556972871609
"342",0.979166666666667,7,3.72052615273524,2.66217249722739,6.85416666666667,1.71475407569604,2.09518296727661
"343",1,7,3.92767257159314,3.29522021606299,7,1.84208614878467,2.25403032210567
"344",0,8,1.18369903848612,0.517234078276767,0,0.155376620339852,0.109606367787391
"345",0.0208333333333333,8,0.756494549561974,0.26049276605468,0.166666666666667,-0.107224266064049,-0.218372061238122
"346",0.0416666666666667,8,0.176443997838196,0.117919667649928,0.333333333333333,-0.46377901441264,-0.663695258072622
"347",0.0625,8,-0.123836935693164,0.326463350469836,0.5,-0.648360500234826,-0.894230449998983
"348",0.0833333333333333,8,0.0647714852359363,0.329384906271651,0.666666666666667,-0.532423660142267,-0.749429786145721
"349",0.104166666666667,8,0.479606733143048,0.217770997655062,0.833333333333333,-0.277426096595286,-0.430947615568287
"350",0.125,8,0.629428626708456,0.204017114889567,1,-0.185331179353034,-0.315924598350096
"351",0.145833333333333,8,0.220750105229395,0.24144686716003,1.16666666666667,-0.436544227850972,-0.629680054873337
"352",0.166666666666667,8,-0.585428242803547,0.325909102518504,1.33333333333333,-0.932098825898922,-1.24860872944815
"353",0.1875,8,-1.26595105800967,0.445435118822538,1.5,-1.35041347175214,-1.77106766804548
"354",0.208333333333333,8,-1.28821721724593,0.468599659566804,1.66666666666667,-1.3641003905553,-1.78816210435427
"355",0.229166666666667,8,-0.46549575074617,0.371807023108614,1.83333333333333,-0.858376803917808,-1.15653275329641
"356",0.25,8,0.917829679219588,0.322940103947748,2,-0.00805220875989282,-0.0945099676889894
"357",0.270833333333333,8,2.27171346791653,0.449056411214618,2.16666666666667,0.82417472756057,0.94490953658214
"358",0.291666666666667,8,3.03045634387847,0.585501325052034,2.33333333333333,1.29057093112582,1.52742049548849
"359",0.3125,8,2.93813858634824,0.640352579474,2.5,1.2338235757333,1.4565452264524
"360",0.333333333333333,8,2.1352247316309,0.59097972656314,2.66666666666667,0.74027564863699,0.840122806884206
"361",0.354166666666667,8,1.02925041006664,0.463598045451799,2.83333333333333,0.0604376677343665,-0.00896874045113289
"362",0.375,8,0.0567554634558082,0.421726496971095,3,-0.537351076589121,-0.755583940183526
"363",0.395833333333333,8,-0.515968510706073,0.586175377125354,3.16666666666667,-0.889402207087379,-1.19528229116274
"364",0.416666666666667,8,-0.658386648040803,0.758412129895459,3.33333333333333,-0.976946065061057,-1.30462121001497
"365",0.4375,8,-0.508172848706998,0.809020110335139,3.5,-0.884610244914374,-1.18929731431451
"366",0.458333333333333,8,-0.242634031503361,0.751939081675685,3.66666666666667,-0.721384598695333,-0.985434746458378
"367",0.479166666666667,8,0.0114868779081674,0.657413466980655,3.83333333333333,-0.565177494614359,-0.790338068375186
"368",0.5,8,0.205871046794144,0.636461985077663,4,-0.445690325411398,-0.641103179717512
"369",0.520833333333333,8,0.353882356938389,0.744907766436504,4.16666666666667,-0.354708366538342,-0.527470204789344
"370",0.541666666666667,8,0.490223266072712,0.896427524908955,4.33333333333333,-0.270900156371935,-0.42279696668176
"371",0.5625,8,0.634733047003521,0.978460645788217,4.5,-0.182070573466493,-0.31185222673329
"372",0.583333333333333,8,0.779147490206544,0.941455188427282,4.66666666666667,-0.0932995942800516,-0.200980680580759
"373",0.604166666666667,8,0.897463135850473,0.820596657186225,4.83333333333333,-0.0205714413063063,-0.110146008676537
"374",0.625,8,0.965184379044284,0.718024851318024,5,0.0210565353468762,-0.0581542634345883
"375",0.645833333333333,8,0.974686637314966,0.733819277324021,5.16666666666667,0.0268975354051949,-0.0508590785275627
"376",0.666666666666667,8,0.940781485319919,0.847998795918028,5.33333333333333,0.00605617442141682,-0.076889138546856
"377",0.6875,8,0.895423754603174,0.979333883956023,5.5,-0.0218250407818286,-0.111711706310842
"378",0.708333333333333,8,0.875275153930264,1.09621248913243,5.66666666666667,-0.034210304826758,-0.127180425781478
"379",0.729166666666667,8,0.908629054275103,1.20474765310966,5.83333333333333,-0.0137077960220404,-0.101573579129367
"380",0.75,8,1.00754189298019,1.30531653797452,6,0.0470935293247379,-0.0256350572036112
"381",0.770833333333333,8,1.16775560270539,1.38111081037604,6.16666666666667,0.145576254292937,0.0973660867130984
"382",0.791666666666667,8,1.37509463494251,1.41764322541444,6.33333333333333,0.273026726053458,0.256546834649657
"383",0.8125,8,1.61437049943549,1.41761117626626,6.5,0.420108640546341,0.440246501143716
"384",0.833333333333333,8,1.87451936438048,1.3846079831929,6.66666666666667,0.58002110472378,0.639971031783138
"385",0.854166666666667,8,2.14750394388545,1.29588727857788,6.83333333333333,0.7478236311746,0.849549947397318
"386",0.875,8,2.42791132702419,1.128040451271,7,0.920188925256298,1.06482758467264
"387",0.895833333333333,8,2.71150214636945,0.924405100088597,7.16666666666667,1.09451106480969,1.28254924684232
"388",0.916666666666667,8,2.99323820797476,0.903631001351535,7.33333333333333,1.26769309221727,1.49884695269708
"389",0.9375,8,3.26642177358976,1.28225112627316,7.5,1.43561793463206,1.70857863625602
"390",0.958333333333333,8,3.52354460902394,1.90906377641326,7.66666666666667,1.5936703106025,1.90597998811134
"391",0.979166666666667,8,3.75844173142591,2.59382694437905,7.83333333333333,1.73806062988924,2.08631795549092
"392",1,8,3.96858899962855,3.23036073513896,8,1.86723731303774,2.24765467520255
"393",0,9,1.18369903848612,0.517234078276767,0,0.155376620339852,0.0763474737878307
"394",0.0208333333333333,9,0.763848220827904,0.261624651041683,0.1875,-0.102703993822483,-0.24641738511048
"395",0.0416666666666667,9,0.192503704129851,0.116121601471479,0.375,-0.453907177348859,-0.6856446643211
"396",0.0625,9,-0.10271219565633,0.323387779269071,0.5625,-0.635375207236864,-0.91259508154428
"397",0.0833333333333333,9,0.0825509993226928,0.328600308074227,0.75,-0.521494664122653,-0.770171995839745
"398",0.104166666666667,9,0.487576865515481,0.220026431180948,0.9375,-0.272526888183342,-0.458803978787786
"399",0.125,9,0.628774793514703,0.204485800897138,1.125,-0.185733087995596,-0.350256543864119
"400",0.145833333333333,9,0.218621989312034,0.244342858368033,1.3125,-0.437852372172387,-0.665565949985105
"401",0.166666666666667,9,-0.584081173216474,0.333623811314748,1.5,-0.931270787625017,-1.28265269149922
"402",0.1875,9,-1.2655834307124,0.45393288840334,1.6875,-1.35018749272656,-1.80656492586485
"403",0.208333333333333,9,-1.30176909300706,0.476652279843782,1.875,-1.37243067424747,-1.83438304528599
"404",0.229166666666667,9,-0.50478035464584,0.37532456136049,2.0625,-0.882524892417672,-1.22168932918106
"405",0.25,9,0.853764585139667,0.3123234755273,2.25,-0.0474327652126221,-0.177293207142673
"406",0.270833333333333,9,2.20147018659545,0.436713109099048,2.4375,0.780996464183029,0.858770056272123
"407",0.291666666666667,9,2.98408681643519,0.582147478522249,2.625,1.26206776853171,1.46041505844366
"408",0.3125,9,2.94305580336834,0.645499446951175,2.8125,1.23684616931926,1.42887202318927
"409",0.333333333333333,9,2.2026356371931,0.600937167754634,3,0.781712861992368,0.859666009029353
"410",0.354166666666667,9,1.14903812892108,0.476078984066867,3.1875,0.134070698208122,0.0497015245255567
"411",0.375,9,0.203203778710127,0.431983170720289,3.375,-0.447329884407849,-0.677418866211745
"412",0.395833333333333,9,-0.371938513364153,0.59219943969754,3.5625,-0.800867545230266,-1.11956572633511
"413",0.416666666666667,9,-0.538035482869396,0.768196906343356,3.75,-0.902966686395478,-1.2472545688264
"414",0.4375,9,-0.420056270414842,0.830111791127275,3.9375,-0.830445337554265,-1.15655677270628
"415",0.458333333333333,9,-0.185131386200265,0.786183579103939,4.125,-0.686037953192636,-0.975955726057975
"416",0.479166666666667,9,0.0452627059661966,0.700801893684905,4.3125,-0.544415628536123,-0.798837774820236
"417",0.5,9,0.223850015345861,0.671822113231869,4.5,-0.434638725531915,-0.661546848403889
"418",0.520833333333333,9,0.362552511709702,0.755913460535705,4.6875,-0.349378857164647,-0.554917803550717
"419",0.541666666666667,9,0.494695674865383,0.888569648288982,4.875,-0.268150984619846,-0.453331317073892
"420",0.5625,9,0.64031642084906,0.968028545199281,5.0625,-0.17863849595098,-0.341383792969388
"421",0.583333333333333,9,0.792472253316109,0.94434406000009,5.25,-0.0851089158241538,-0.22441235042057
"422",0.604166666666667,9,0.925689283764293,0.843142842518292,5.4375,-0.00322094136047622,-0.122000316843292
"423",0.625,9,1.01418891771262,0.750058192579606,5.625,0.0511794287755671,-0.053965265671524
"424",0.645833333333333,9,1.04745269497407,0.750185095322471,5.8125,0.0716265392822859,-0.0283933769847276
"425",0.666666666666667,9,1.03652214804762,0.837448936842983,6,0.064907575914193,-0.0367963532039384
"426",0.6875,9,1.00969065125198,0.95178817623616,6.1875,0.0484143624186528,-0.0574233566847937
"427",0.708333333333333,9,1.00100656764577,1.06866280424904,6.375,0.0430762910459957,-0.064099339919633
"428",0.729166666666667,9,1.03775869174176,1.19192083796635,6.5625,0.0656676743648796,-0.0358457468595565
"429",0.75,9,1.13262517066158,1.31316772761704,6.75,0.123981718576121,0.0370838852738827
"430",0.770833333333333,9,1.28312982331502,1.40490508404391,6.9375,0.216496325092164,0.152785965475075
"431",0.791666666666667,9,1.47731209811532,1.44388487773342,7.125,0.335859390810179,0.302065690297458
"432",0.8125,9,1.70223192159062,1.42994366999892,7.3125,0.474116704452103,0.474975238246789
"433",0.833333333333333,9,1.94957718420462,1.37860475962452,7.5,0.626158845614566,0.665124585179261
"434",0.854166666666667,9,2.21191258529179,1.27759075503051,7.6875,0.787415364791375,0.866797763257631
"435",0.875,9,2.48343765770696,1.11301940312635,7.875,0.954320738086191,1.07553560060246
"436",0.895833333333333,9,2.75935127225605,0.933742421853005,8.0625,1.12392373063425,1.28764717719717
"437",0.916666666666667,9,3.03438114034733,0.937392176126734,8.25,1.29298348777819,1.49907936414022
"438",0.9375,9,3.30212366813762,1.29853495718106,8.4375,1.45756374605875,1.7049093293772
"439",0.958333333333333,9,3.55573396055532,1.89032613307887,8.625,1.61345697592101,1.89987498575946
"440",0.979166666666667,9,3.78963806144156,2.5473724117583,8.8125,1.75723688886369,2.07969129417914
"441",1,9,4.0012900854591,3.17379106306042,9,1.88733853937808,2.24240107773654
"442",0,10,1.18369903848612,0.517234078276767,0,0.155376620339852,0.0487719180355561
"443",0.0208333333333333,10,0.769680727375968,0.262516616559711,0.208333333333333,-0.0991187754336606,-0.269841328173096
"444",0.0416666666666667,10,0.205383426236049,0.114716391636962,0.416666666666667,-0.445990063813275,-0.704103751158387
"445",0.0625,10,-0.0855252555319521,0.320750382963297,0.625,-0.624810464055914,-0.927976360077183
"446",0.0833333333333333,10,0.0969919846320926,0.327705410049085,0.833333333333333,-0.512617848356171,-0.787517813154994
"447",0.104166666666667,10,0.493434962860824,0.221697119760097,1.04166666666667,-0.268925939234042,-0.482429895928846
"448",0.125,10,0.626957824488006,0.204842750931983,1.25,-0.186849971570909,-0.37967561853461
"449",0.145833333333333,10,0.216213319892946,0.246508760282829,1.45833333333333,-0.439332971606395,-0.695769463805574
"450",0.166666666666667,10,-0.58082296273263,0.339022202507758,1.66666666666667,-0.929267978704861,-1.30913923644312
"451",0.1875,10,-1.25870302158567,0.459042388040258,1.875,-1.34595813282435,-1.83081076713496
"452",0.208333333333333,10,-1.3026087492122,0.480942670148562,2.08333333333333,-1.37294680755005,-1.8645989983094
"453",0.229166666666667,10,-0.526536651226043,0.376852000963158,2.29166666666667,-0.895898400690527,-1.26736249017451
"454",0.25,10,0.807088321902814,0.303712714568991,2.5,-0.0761244770691325,-0.241053820941599
"455",0.270833333333333,10,2.14170018289519,0.425422445127503,2.70833333333333,0.744256082564895,0.786014320849407
"456",0.291666666666667,10,2.93583585798906,0.576302517787936,2.91666666666667,1.23240809784403,1.39715189274401
"457",0.3125,10,2.93225769243691,0.645394902628814,3.125,1.23020861382629,1.39439826829927
"458",0.333333333333333,10,2.24351543513609,0.60502233895293,3.33333333333333,0.806841509874496,0.86436758967716
"459",0.354166666666667,10,1.23728477080587,0.484218590766089,3.54166666666667,0.188315555137112,0.0900095243604655
"460",0.375,10,0.318944189618909,0.440237938014333,3.75,-0.376184717900025,-0.616711569478481
"461",0.395833333333333,10,-0.253978790664859,0.594952087163792,3.95833333333333,-0.728358176663464,-1.05761199749647
"462",0.416666666666667,10,-0.437678703152997,0.771219105496766,4.16666666666667,-0.841277776298733,-1.19898068548795
"463",0.4375,10,-0.345800299963441,0.841284186261842,4.375,-0.78480049025777,-1.1282744497705
"464",0.458333333333333,10,-0.135778859885006,0.808206905325779,4.58333333333333,-0.655701153152691,-0.966649683422904
"465",0.479166666666667,10,0.0760078618965364,0.731675593449749,4.79166666666667,-0.525516704462862,-0.803666421282226
"466",0.5,10,0.243193043479596,0.699910848206956,5,-0.422748643696759,-0.675006862048407
"467",0.520833333333333,10,0.3759253253073,0.76740539255098,5.20833333333333,-0.341158642266421,-0.572860985755136
"468",0.541666666666667,10,0.50550028076203,0.884396986763508,5.41666666666667,-0.261509436697796,-0.473144871571506
"469",0.5625,10,0.651397368978374,0.959725676660572,5.625,-0.171827081566544,-0.36086784506909
"470",0.583333333333333,10,0.807603045871297,0.94469463885924,5.83333333333333,-0.0758080783095658,-0.240657708329913
"471",0.604166666666667,10,0.949673949172436,0.858361072744924,6.04166666666667,0.0115223362959479,-0.131325172840852
"472",0.625,10,1.05178277606798,0.773486329770789,6.25,0.0742882227686265,-0.05274597976963
"473",0.645833333333333,10,1.10194166782254,0.763454551207524,6.45833333333333,0.105120692410877,-0.0141455437519603
"474",0.666666666666667,10,1.10858951068355,0.830696074686898,6.66666666666667,0.109207094762058,-0.0090296086896878
"475",0.6875,10,1.09701903100694,0.931620265036182,6.875,0.102094767298344,-0.0179338237715574
"476",0.708333333333333,10,1.09878549206094,1.04785245518324,7.08333333333333,0.103180603825362,-0.016574420393459
"477",0.729166666666667,10,1.13989414667802,1.18096178085958,7.29166666666667,0.128449928987424,0.0150612863937544
"478",0.75,10,1.23317779782031,1.31618908520679,7.5,0.185791015310386,0.0868489491880484
"479",0.770833333333333,10,1.37746314217239,1.41968729837566,7.70833333333333,0.274482637950795,0.197885636964208
"480",0.791666666666667,10,1.56259889537857,1.46314821584079,7.91666666666667,0.388284843118234,0.340359295098162
"481",0.8125,10,1.77720590520607,1.4424182639242,8.125,0.520202911561562,0.50551294706328
"482",0.833333333333333,10,2.01499023612449,1.38036976350908,8.33333333333333,0.666367986346684,0.688503011846468
"483",0.854166666666667,10,2.26896929932062,1.27253477318253,8.54166666666667,0.822487898127803,0.883955946227483
"484",0.875,10,2.53320219841018,1.11488455793153,8.75,0.98491080171839,1.0872998551196
"485",0.895833333333333,10,2.80256963665462,0.962446162362881,8.95833333333333,1.1504898859398,1.29459511626841
"486",0.916666666666667,10,3.07169307652177,0.991049573066068,9.16666666666667,1.31591898533705,1.50170260525118
"487",0.9375,10,3.3344517097036,1.33678990941299,9.375,1.47743566358543,1.70391197338983
"488",0.958333333333333,10,3.58456290509096,1.89499155723045,9.58333333333333,1.63117801253328,1.89638833913756
"489",0.979166666666667,10,3.81695384679486,2.52344026298072,9.79166666666667,1.7740277925938,2.07522785019017
"490",1,10,4.02911706051413,3.13516646886826,10,1.90444366936815,2.23850084666199
