"FD.arg","FD.vd","value","se","x","z1","z2","z_LDH"
"1",0,5,2.92384897606673,0.696117709382115,0,0.474473470777691,-0.510922042443005,4.20022208408114
"2",0.25,5,2.12952429611239,2.13700611317817,1.25,0.172793496376513,-0.624187387731691,0.996498925754287
"3",0.5,5,1.19453677411807,3.33275977939005,2.5,-0.182309421635404,-0.757510306170266,0.358422704662109
"4",0.75,5,8.22296836904555,3.93141441697183,3.75,2.48704873523319,0.24469666476652,2.09160558946601
"5",1,5,18.0637309046072,8.86076663569077,5,6.22451411272464,1.64792307157844,2.03861941605
"6",0,5.44,2.92384897606673,0.696117709382115,0,0.474473470777691,-0.458173374214625,4.20022208408114
"7",0.25,5.44,1.70426112013202,1.73586250368441,1.36,0.0112809722397868,-0.6453774589163,0.981794996155911
"8",0.5,5.44,0.838230766463256,2.52145078826599,2.72,-0.317632407287153,-0.778311235596271,0.33243986770002
"9",0.75,5.44,7.43873830614634,3.27779832428057,4.08,2.18920263870542,0.234852323322461,2.26943135916669
"10",1,5.44,16.6385912120493,7.41158217881498,5.44,5.6832542012314,1.64700974540474,2.24494457601894
"11",0,5.88,2.92384897606673,0.696117709382115,0,0.474473470777691,-0.40016345819132,4.20022208408114
"12",0.25,5.88,1.34404869860258,1.43460542068991,1.47,-0.125525647078947,-0.662203070436482,0.936876913483446
"13",0.5,5.88,0.605646184948115,2.04375941366789,2.94,-0.405966702278,-0.784681026111647,0.29633927599197
"14",0.75,5.88,6.47421399423161,2.76383670863992,4.41,1.82288181666515,0.188731407798992,2.34247340806815
"15",1,5.88,15.3341354342033,6.48702852762709,5.88,5.1878293509162,1.65831614694046,2.36381501467089
"16",0,6.32,2.92384897606673,0.696117709382115,0,0.474473470777691,-0.319970278274028,4.20022208408114
"17",0.25,6.32,1.08254394848077,1.22766886064346,1.58,-0.224843656846779,-0.654485460519618,0.881788227416125
"18",0.5,6.32,0.523976220297781,1.80582591766356,3.16,-0.43698448816182,-0.755962066834327,0.290158766231309
"19",0.75,6.32,4.84122396106724,2.35718033233407,4.74,1.2026815335382,0.0283647520068975,2.05381993675192
"20",1,6.32,14.0538721395032,5.76824816715411,6.32,4.70159266745561,1.70205305362107,2.43641946952448
"21",0,6.76,2.92384897606673,0.696117709382115,0,0.474473470777691,-0.228792719798972,4.20022208408114
"22",0.25,6.76,0.890938260169794,1.0774539665516,1.69,-0.297614402366227,-0.632012182124411,0.826892180852283
"23",0.5,6.76,0.53637608541678,1.67842237896869,3.38,-0.432275090246735,-0.702338128240432,0.319571576343231
"24",0.75,6.76,3.19088120145444,2.08101950787444,5.07,0.575890784065606,-0.175827978405059,1.53332594402905
"25",1,6.76,12.844719230399,5.31281751735152,6.76,4.24236330209505,1.73897100856887,2.41768500206313
"26",0,7.2,2.92384897606673,0.696117709382115,0,0.474473470777691,-0.154331896040105,4.20022208408114
"27",0.25,7.2,0.74849354361156,0.954647286137568,1.8,-0.351714091736752,-0.625044605081914,0.784052450030952
"28",0.5,7.2,0.586424766999989,1.59627905127065,3.6,-0.413266886976879,-0.660113739877888,0.367369832068641
"29",0.75,7.2,2.21237695024005,1.9019085685951,5.4,0.204260460965524,-0.308283254833166,1.16324043477773
"30",1,7.2,11.7142538617484,5.00073721183735,7.2,3.813019014951,1.74777349583307,2.3425053878095
"31",0,7.64,2.92384897606673,0.696117709382115,0,0.474473470777691,-0.103956693190938,4.20022208408114
"32",0.25,7.64,0.637983944102297,0.847217737729425,1.91,-0.393685006140362,-0.646152252362863,0.753034215043842
"33",0.5,7.64,0.668687966803628,1.50913641219261,3.82,-0.382023793771784,-0.638869414345489,0.443093123591192
"34",0.75,7.64,1.86944308138768,1.75074651214069,5.73,0.0740161372179259,-0.354056408469569,1.06779768997047
"35",1,7.64,10.7106578587593,4.70765661963431,7.64,3.43185898790981,1.74303476836886,2.27515698874217
"36",0,8.08,2.92384897606673,0.696117709382115,0,0.474473470777691,-0.072420992060058,4.20022208408114
"37",0.25,8.08,0.536849200215498,0.75921261555197,2.02,-0.432095403949723,-0.685131932419574,0.707113118536883
"38",0.5,8.08,0.806792141832159,1.41171506167338,4.04,-0.329572617270887,-0.615841187076971,0.571497863652333
"39",0.75,8.08,1.79250182453676,1.6223989166783,6.06,0.0447942875348551,-0.362822685474456,1.10484653688424
"40",1,8.08,9.96994153420416,4.44280831667094,8.08,3.15053916055258,1.73621679703106,2.24406294928222
"41",0,8.52,2.92384897606673,0.696117709382115,0,0.474473470777691,-0.0623080826784394,4.20022208408114
"42",0.25,8.52,0.435368929496322,0.688931703266128,2.13,-0.470637030875561,-0.73691833928875,0.631947880221362
"43",0.5,8.52,1.00942430345862,1.29921815270844,4.26,-0.252614080195292,-0.581295776161931,0.776947505970655
"44",0.75,8.52,1.86443189234892,1.50631511985453,6.39,0.0721129162566689,-0.349508951212307,1.23774359546293
"45",1,8.52,9.53537077233734,4.12378032385619,8.52,2.98549166848294,1.73003114934143,2.31228873108855
"46",0,8.96,2.92384897606673,0.696117709382115,0,0.474473470777691,-0.0586786194952747,4.20022208408114
"47",0.25,8.96,0.33017224346406,0.638127799513042,2.24,-0.510590131100429,-0.794318477250693,0.517407710048074
"48",0.5,8.96,1.26792677679794,1.21261689350913,4.48,-0.154436317993404,-0.528344848833634,1.04561200127169
"49",0.75,8.96,1.92527623816941,1.41468306140293,6.72,0.0952212511136924,-0.341902005675744,1.36092407599772
"50",1,8.96,9.20644916735766,3.86310057616503,8.96,2.86056912248328,1.72324395125535,2.38317615237889
"51",0,9.4,2.92384897606673,0.696117709382115,0,0.474473470777691,-0.0522954392995223,4.20022208408114
"52",0.25,9.4,0.21529060930849,0.59954860413501,2.35,-0.554221519279391,-0.852760828571578,0.359087833452799
"53",0.5,9.4,1.59778424894501,1.15292271304107,4.7,-0.0291583349914365,-0.444189862186138,1.38585547051157
"54",0.75,9.4,1.86501336589626,1.32703103199275,7.05,0.0723337565872097,-0.365215134615016,1.40540297923225
"55",1,9.4,8.90207578849742,3.68740642160799,9.4,2.74496985248674,1.71446126467225,2.41418351292436
"56",0,9.84,2.92384897606673,0.696117709382115,0,0.474473470777691,-0.0420368036503791,4.20022208408114
"57",0.25,9.84,0.0958753581024647,0.570626956742634,2.46,-0.599574749307463,-0.913383282312845,0.168017576053118
"58",0.5,9.84,1.96096835672729,1.12874860501359,4.92,0.108776913784884,-0.338716599990814,1.7372941574565
"59",0.75,9.84,1.74727549156924,1.25376982032419,7.38,0.0276175847126705,-0.404558984229461,1.39361744336567
"60",1,9.84,8.57343342092774,3.57576722095093,9.84,2.62015335925974,1.6986956701835,2.39764864186203
"61",0,10.28,2.92384897606673,0.696117709382115,0,0.474473470777691,-0.0243345998664244,4.20022208408114
"62",0.25,10.28,-0.0283644537913481,0.546064055821051,2.57,-0.646760319915551,-0.980264766083014,-0.0519434551477663
"63",0.5,10.28,2.34974851202325,1.12245384077013,5.14,0.25643339514225,-0.210229002509423,2.09340324445865
"64",0.75,10.28,1.59458841128267,1.19389504311069,7.71,-0.0303720958734708,-0.454750727571754,1.3356185876507
"65",1,10.28,8.15518797841257,3.48831885295525,10.28,2.46130613019134,1.66957909603062,2.33785623453074
"66",0,10.72,2.92384897606673,0.696117709382115,0,0.474473470777691,-0.00116253349964474,4.20022208408114
"67",0.25,10.72,-0.1536270313803,0.524809302374556,2.68,-0.694334331090217,-1.05136266363626,-0.292729246004592
"68",0.5,10.72,2.74035014066415,1.12491013461228,5.36,0.40478166166749,-0.0637821933616175,2.43606138512447
"69",0.75,10.72,1.4426642685901,1.14808431898651,8.04,-0.0880720171211028,-0.506622322230458,1.25658389783046
"70",1,10.72,7.68304179867293,3.42249068472216,10.72,2.28198770913252,1.62292971272798,2.24486857859677
"71",0,11.16,2.92384897606673,0.696117709382115,0,0.474473470777691,0.0227613574270418,4.20022208408114
"72",0.25,11.16,-0.276700124556166,0.506855062941842,2.79,-0.741076788596263,-1.12443491881982,-0.545915676466106
"73",0.5,11.16,3.11104599467407,1.12854355607356,5.58,0.54556982873636,0.0898597570826074,2.75669111566953
"74",0.75,11.16,1.33564102085589,1.11424866808537,8.37,-0.128718835042765,-0.546511662558472,1.19869205062722
"75",1,11.16,7.20790082593915,3.37485143044646,11.16,2.1015318828078,1.55832546686864,2.13576833661848
"76",0,11.6,2.92384897606673,0.696117709382115,0,0.474473470777691,0.0449698968970455,4.20022208408114
"77",0.25,11.6,-0.396071833688655,0.492219237137876,2.9,-0.78641348159362,-1.19738361815726,-0.80466549010093
"78",0.5,11.6,3.45208337553109,1.12768166087104,5.8,0.67509387718051,0.242641438043081,3.06122152670696
"79",0.75,11.6,1.28651177267455,1.08595956303469,8.7,-0.147377842760553,-0.567740991864587,1.18467741936856
"80",1,11.6,6.75201102051082,3.33483908938666,11.6,1.92838753981787,1.47751327508172,2.02468869997342
"81",0,12.04,2.92384897606673,0.696117709382115,0,0.474473470777691,0.0633498370563331,4.20022208408114
"82",0.25,12.04,-0.508641940367369,0.482660725618505,3.01,-0.829166964845739,-1.26418473903723,-1.05382914616798
"83",0.5,12.04,3.75099189519861,1.12600478389471,6.02,0.788617624883746,0.383251870667325,3.33123975035382
"84",0.75,12.04,1.28581869728458,1.06133604659669,9.03,-0.147641068833189,-0.570167303909781,1.21150949447889
"85",1,12.04,6.34823637926059,3.29594129331799,12.04,1.77503623837875,1.38775033522336,1.92607689710088
"86",0,12.48,2.92384897606673,0.696117709382115,0,0.474473470777691,0.0752523488748534,4.20022208408114
"87",0.25,12.48,-0.613706802128819,0.4778358076113,3.12,-0.869069998965841,-1.32391990907975,-1.28434661520395
"88",0.5,12.48,4.00182275999133,1.12044054362721,6.24,0.883881753997856,0.501611990344305,3.57165115342597
"89",0.75,12.48,1.33951906508676,1.03882773892108,9.36,-0.127245976004364,-0.551381009828422,1.28945253856812
"90",1,12.48,6.01645063316356,3.23820402357774,12.48,1.6490259079494,1.29843657968901,1.85795909996933
"91",0,12.92,2.92384897606673,0.696117709382115,0,0.474473470777691,0.0842118563618824,4.20022208408114
"92",0.25,12.92,-0.710064573683088,0.478457010604542,3.23,-0.905666129980576,-1.37445342912733,-1.48407183497198
"93",0.5,12.92,4.20915483578151,1.11667109388789,6.46,0.9626252916159,0.600138009566844,3.76937744589285
"94",0.75,12.92,1.41222388925145,1.02109976703152,9.69,-0.099633099247083,-0.522559606036793,1.38304202473475
"95",1,12.92,5.73511387479141,3.17682268236744,12.92,1.54217581477504,1.2126631692354,1.80529870509407
"96",0,13.36,2.92384897606673,0.696117709382115,0,0.474473470777691,0.091873013799002,4.20022208408114
"97",0.25,13.36,-0.797346936398273,0.483731968201972,3.34,-0.938815472578247,-1.4156512921647,-1.64832384215169
"98",0.5,13.36,4.37509444707839,1.11533960062305,6.68,1.02564820775022,0.679799012035567,3.92265678062035
"99",0.75,13.36,1.48803496490855,1.00920182290987,10.02,-0.0708404859231814,-0.48980141871707,1.47446717904061
"100",1,13.36,5.4957097096396,3.11632515839664,13.36,1.45125148088844,1.1337806850472,1.76352255631346
"101",0,13.8,2.92384897606673,0.696117709382115,0,0.474473470777691,0.0990189650493508,4.20022208408114
"102",0.25,13.8,-0.875488604790533,0.492237823955437,3.45,-0.968493231705154,-1.4484027746874,-1.7785886459424
"103",0.5,13.8,4.50002174988676,1.11463013043318,6.9,1.0730948834791,0.740974033237832,4.03723318347579
"104",0.75,13.8,1.55920871153282,1.002933530062,10.35,-0.0438091036666451,-0.456781610003371,1.55464810458219
"105",1,13.8,5.2960627661247,3.05498420256208,13.8,1.37542671259305,1.06519138640359,1.73358106457085
"106",0,14.24,2.92384897606673,0.696117709382115,0,0.474473470777691,0.105788126560382,4.20022208408114
"107",0.25,14.24,-0.944223141005929,0.502208025832953,3.56,-0.994598215786889,-1.47374820630907,-1.88014347130327
"108",0.5,14.24,4.57963324522284,1.11047071095168,7.12,1.10333087448017,0.781931521349277,4.12404685693876
"109",0.75,14.24,1.62175835162011,1.00133092604527,10.68,-0.0200531077917342,-0.425923637789717,1.61960278009708
"110",1,14.24,5.14292295257763,2.98406143964081,14.24,1.31726508650164,1.01195219618913,1.72346416339091
"111",0,14.68,2.92384897606673,0.696117709382115,0,0.474473470777691,0.112941555933507,4.20022208408114
"112",0.25,14.68,-1.00423071096605,0.512617001167554,3.67,-1.01738874795377,-1.49360130770458,-1.95902732191632
"113",0.5,14.68,4.61990157772622,1.10252093010533,7.34,1.1186245570578,0.806609052686638,4.19030736884502
"114",0.75,14.68,1.67234615054049,1.00403998889957,11.01,-0.000840150837920854,-0.398909804875024,1.66561707604234
"115",1,14.68,5.02663940678945,2.90866463971337,14.68,1.27310126029562,0.972960503959454,1.72816052361567
"116",0,15.12,2.92384897606673,0.696117709382115,0,0.474473470777691,0.121532697207463,4.20022208408114
"117",0.25,15.12,-1.05667034960293,0.523038539802509,3.78,-1.03730502304986,-1.50957752749218,-2.02025332588669
"118",0.5,15.12,4.63205987248279,1.09303509368128,7.56,1.12324220792965,0.821511778107619,4.23779611401337
"119",0.75,15.12,1.70803723510531,1.01051594542525,11.34,0.0127151191286156,-0.376674395822646,1.69026252662102
"120",1,15.12,4.92904284672974,2.84069319479172,15.12,1.23603464448538,0.943207447999741,1.73515494590085
"121",0,15.56,2.92384897606673,0.696117709382115,0,0.474473470777691,0.132115527682771,4.20022208408114
"122",0.25,15.56,-1.1021996251887,0.532928740825331,3.89,-1.05459678174733,-1.52241081755597,-2.06819325128112
"123",0.5,15.56,4.62118390835396,1.08243602944451,7.78,1.11911157890253,0.829644455000622,4.26924435499943
"124",0.75,15.56,1.72702000856502,1.01949172922123,11.67,0.0199246680144917,-0.359727779141442,1.69400099977687
"125",1,15.56,4.84197225363066,2.78350645244567,15.56,1.20296573077779,0.920378614014016,1.73952255414258
"126",0,16,2.92384897606673,0.696117709382115,0,0.474473470777691,0.145131263991051,4.20022208408114
"127",0.25,16,-1.14130219349541,0.541810478650091,4,-1.06944771374464,-1.53249206642599,-2.10646017097886
"128",0.5,16,4.59039123082066,1.07062658062186,8,1.10741669593538,0.832886786746224,4.28757450441252
"129",0.75,16,1.72780727002102,1.02949622689767,12,0.0202236654167994,-0.348456154168901,1.67830364490764
"130",1,16,4.76011761433763,2.73741389164715,16,1.17187780651997,0.902930169857622,1.73891044714228
"131",0,16.44,2.92384897606673,0.696117709382115,0,0.474473470777691,0.161044503307632,4.20022208408114
"132",0.25,16.44,-1.1743261993168,0.549271686768798,4.11,-1.08199004244503,-1.53997522354666,-2.13796965619147
"133",0.5,16.44,4.54156741492457,1.05722523657483,8.22,1.08887368965418,0.832507010211225,4.29574253225191
"134",0.75,16.44,1.70874927997102,1.03901715914823,12.33,0.0129855496997416,-0.343304009066545,1.64458234873793
"135",1,16.44,4.6794261857316,2.70103482270023,16.44,1.14123166303408,0.889727719094345,1.73245681484905
"136",0,16.88,2.92384897606673,0.696117709382115,0,0.474473470777691,0.180532859466352,4.20022208408114
"137",0.25,16.88,-1.20143349688495,0.55490713556421,4.22,-1.09228523916096,-1.54474964721428,-2.16510731234943
"138",0.5,16.88,4.47529783166346,1.04155282462268,8.44,1.06370488061889,0.829382383861593,4.29675550376883
"139",0.75,16.88,1.66711554375999,1.04645300433433,12.66,-0.00282670540366361,-0.345060289738811,1.59311076259987
"140",1,16.88,4.59607662894971,2.67189575732902,16.88,1.10957597765646,0.879894693625146,1.72015566712985
"141",0,17.32,2.92384897606673,0.696117709382115,0,0.474473470777691,0.205104022436215,4.20022208408114
"142",0.25,17.32,-1.22231568943194,0.558113486278787,4.33,-1.10021617656225,-1.54613663840176,-2.19008448905564
"143",0.5,17.32,4.38937772191067,1.0221610015954,8.66,1.03107291391195,0.824108267661989,4.2942136464409
"144",0.75,17.32,1.59587786065249,1.04955867172091,12.99,-0.0298823703711716,-0.355799173976529,1.52052277176255
"145",1,17.32,4.50447717991738,2.64623866046403,17.32,1.07478703034486,0.872723522280087,1.70221879349594
"146",0,17.76,2.92384897606673,0.696117709382115,0,0.474473470777691,0.23411620863633,4.20022208408114
"147",0.25,17.76,-1.23776686977529,0.559046086242888,4.44,-1.10608444656327,-1.54436679459889,-2.21406946624704
"148",0.5,17.76,4.28789032001013,0.999908006779227,8.88,0.992528578604185,0.817044675793446,4.28828481314168
"149",0.75,17.76,1.50026874829275,1.0487606075176,13.32,-0.0661941649019243,-0.374256436178391,1.43051592283186
"150",1,17.76,4.40586669442953,2.62376314519646,17.76,1.03733533145094,0.867462346347509,1.67921662536335
"151",0,18.2,2.92384897606673,0.696117709382115,0,0.474473470777691,0.267324814626862,4.20022208408114
"152",0.25,18.2,-1.24830651913551,0.557787040115932,4.55,-1.11008734516309,-1.5393609982959,-2.23796257237541
"153",0.5,18.2,4.17364699975786,0.975397692799609,9.1,0.949139618398153,0.808530040802693,4.27891826130792
"154",0.75,18.2,1.38322374502604,1.04424228949328,13.65,-0.11064718830706,-0.399818524386476,1.32461954370499
"155",1,18.2,4.30018350113306,2.60455749820974,18.2,0.997197458547194,0.863324667252819,1.65102268008628
"156",0,18.64,2.92384897606673,0.696117709382115,0,0.474473470777691,0.304121375995987,4.20022208408114
"157",0.25,18.64,-1.25459222679543,0.554570250382537,4.66,-1.11247462101362,-1.53112295178542,-2.26227827030033
"158",0.5,18.64,4.04964911297474,0.94943239218817,9.32,0.90204592956466,0.79859245149196,4.26533700165997
"159",0.75,18.64,1.24919141080253,1.03674719644138,13.98,-0.161551902938113,-0.4314174645463,1.20491419228367
"160",1,18.64,4.18906555941696,2.58925987822151,18.64,0.954995499249705,0.859826588843772,1.61786215228975
"161",0,19.08,2.92384897606673,0.696117709382115,0,0.474473470777691,0.342847290388495,4.20022208408114
"162",0.25,19.08,-1.25772517501336,0.549970626860376,4.77,-1.11366449684404,-1.52024964394492,-2.28689517873591
"163",0.5,19.08,3.92081934001485,0.92350177454456,9.54,0.853117117972299,0.787046618580065,4.24560022307317
"164",0.75,19.08,1.10730704735999,1.0280636796136,14.31,-0.215438773397347,-0.466511476473853,1.07708021333481
"165",1,19.08,4.07752615487705,2.57936506878558,19.08,0.912633470780114,0.856867211450216,1.58082553114392
"166",0,19.52,2.92384897606673,0.696117709382115,0,0.474473470777691,0.38268641218502,4.20022208408114
"167",0.25,19.52,-1.25828869384937,0.544273740790312,4.88,-1.11387851807782,-1.50697868343624,-2.31186735561093
"168",0.5,19.52,3.78962860713758,0.898246537328802,9.76,0.803291627294655,0.773881939081017,4.21891813622477
"169",0.75,19.52,0.961760261437528,1.01891883803349,14.64,-0.27071661098611,-0.503867510995984,0.943902718781526
"170",1,19.52,3.96755788135693,2.57522864492774,19.52,0.870868148893858,0.854277843166182,1.54066237542502
"171",0,19.96,2.92384897606673,0.696117709382115,0,0.474473470777691,0.423075391156673,4.20022208408114
"172",0.25,19.96,-1.25667831992289,0.537667663053672,4.99,-1.11326690726278,-1.49146842668463,-2.33727710680166
"173",0.5,19.96,3.65766955585374,0.873982230110795,9.98,0.753174333676634,0.759141048659659,4.18506169786777
"174",0.75,19.96,0.815104698188709,1.00967344571261,14.97,-0.326415555867487,-0.542660037599539,0.807295370250552
"175",1,19.96,3.86024083838462,2.57670554889974,19.96,0.830109749219612,0.851912024467836,1.49813037039989
"176",0,20.4,2.92384897606673,0.696117709382115,0,0.474473470777691,0.463588284558775,4.20022208408114
"177",0.25,20.4,-1.25317130829304,0.530279788420913,5.1,-1.11193496428603,-1.4738460543274,-2.36322661292594
"178",0.5,20.4,3.52602121961217,0.850818381300398,10.2,0.703175047856133,0.742894848363951,4.14427014872782
"179",0.75,20.4,0.668983564673646,1.00047390191774,15.3,-0.3819115273899,-0.582289728999702,0.668666682250595
"180",1,20.4,3.75618618349573,2.58334666498291,20.4,0.790590385897036,0.849652650404372,1.45400005133286
"181",0,20.84,2.92384897606673,0.696117709382115,0,0.474473470777691,0.503909518654208,4.20022208408114
"182",0.25,20.84,-1.24793532532244,0.52217806128556,5.21,-1.10994636787402,-1.45420341898749,-2.38986548429501
"183",0.5,20.84,3.39537436054792,0.828687556478006,10.42,0.653556117344795,0.725229675468558,4.09729135426934
"184",0.75,20.84,0.524353990746308,0.991287353546502,15.63,-0.43684101310418,-0.622342903600156,0.528962655349471
"185",1,20.84,3.6556749645609,2.59450203461418,20.84,0.752416799301397,0.847407128464876,1.40900832444501
"186",0,21.28,2.92384897606673,0.696117709382115,0,0.474473470777691,0.543898160922034,4.20022208408114
"187",0.25,21.28,-1.24092395463391,0.513300463408841,5.32,-1.1072834893519,-1.43249671385635,-2.41753912784903
"188",0.5,21.28,3.26591808595622,0.807225140561896,10.64,0.604389364012718,0.706227211474102,4.04585774382953
"189",0.75,21.28,0.381198059492262,0.981753954730688,15.96,-0.491210817752048,-0.662717979618172,0.388282682901778
"190",1,21.28,3.55853630843807,2.60931006352027,21.28,0.715524092789768,0.845089321078382,1.36378438047228
"191",0,21.72,2.92384897606673,0.696117709382115,0,0.474473470777691,0.583164499898565,4.20022208408114
"192",0.25,21.72,-1.23247871717129,0.503847496096633,5.43,-1.1040760364226,-1.40900104200584,-2.44613444885496
"193",0.5,21.72,3.13840012566432,0.786518425957908,10.86,0.555958771375505,0.68600081088041,3.99024361297325
"194",0.75,21.72,0.240843468589527,0.972146782923667,16.29,-0.544516689342314,-0.702824362199978,0.247743934167232
"195",1,21.72,3.46524410562197,2.6272779724249,21.72,0.680092247264071,0.842660093426842,1.31894841048115
"196",0,22.16,2.92384897606673,0.696117709382115,0,0.474473470777691,0.621273379030396,4.20022208408114
"197",0.25,22.16,-1.22303199024253,0.494085756391437,5.54,-1.10048822351692,-1.38414395586218,-2.47534355002453
"198",0.5,22.16,3.01365215588989,0.766807188885094,11.08,0.508580205308151,0.664701887108872,3.93013028512633
"199",0.75,22.16,0.104891200045168,0.962893801851462,16.62,-0.596150584057258,-0.741964880348732,0.108933300685374
"200",1,22.16,3.37641670085923,2.64804292892773,22.16,0.646356106525644,0.840133570071648,1.27506116459616
"201",0,22.6,2.92384897606673,0.696117709382115,0,0.474473470777691,0.657949695103037,4.20022208408114
"202",0.25,22.6,-1.21281885002259,0.484157037633304,5.65,-1.0966093312228,-1.35825773473263,-2.50501129953866
"203",0.5,22.6,2.89212259644873,0.748113268977077,11.3,0.46242397309426,0.642486291949374,3.86588865133115
"204",0.75,22.6,-0.0258350267581522,0.954122054168507,16.95,-0.645799657982363,-0.779723101502733,-0.0270772765866593
"205",1,22.6,3.29232569359599,2.67111548077077,22.6,0.614418822492114,0.837544849182955,1.23256583899022
"206",0,23.04,2.92384897606673,0.696117709382115,0,0.474473470777691,0.692990986208845,4.20022208408114
"207",0.25,23.04,-1.20200522894249,0.4741608543801,5.76,-1.09250237972934,-1.33165422318984,-2.53501573957206
"208",0.5,23.04,2.77410960993235,0.730383716417726,11.52,0.417603315182289,0.619510665470826,3.79815369315511
"209",0.75,23.04,-0.150784117974168,0.945861390575245,17.28,-0.693254608823957,-0.815797462241586,-0.159414602897012
"210",1,23.04,3.21313538067979,2.6959930914584,23.04,0.584342794167332,0.83495003375175,1.19181884807488
"211",0,23.48,2.92384897606673,0.696117709382115,0,0.474473470777691,0.726247081951763,4.20022208408114
"212",0.25,23.48,-1.19071441352221,0.464171175668732,5.87,-1.08821419255233,-1.30463300960369,-2.56524850300484
"213",0.5,23.48,2.65981941527213,0.713519461749522,11.74,0.374196552343972,0.59592647978127,3.72774613428252
"214",0.75,23.48,-0.269556083002073,0.93808807176503,17.61,-0.738363522437538,-0.849964570333228,-0.287346242975778
"215",1,23.48,3.13896346585777,2.72218780337857,23.48,0.556172724761857,0.83242401820389,1.15310319955219
"216",0,23.92,2.92384897606673,0.696117709382115,0,0.474473470777691,0.757607257596037,4.20022208408114
"217",0.25,23.92,-1.17903816852537,0.454243430184657,5.98,-1.08377962142463,-1.27748308776439,-2.59560863223948
"218",0.5,23.92,2.54939819440686,0.697386517843539,11.96,0.332259203644323,0.571874347156834,3.65564594264041
"219",0.75,23.92,-0.381834708125722,0.930743904439749,17.94,-0.781006302660669,-0.882058839333459,-0.410246799688216
"220",1,23.92,3.06991951717191,2.74923659058331,23.92,0.529950227591929,0.830060322344973,1.11664435417708
"221",0,24.36,2.92384897606673,0.696117709382115,0,0.474473470777691,0.786986897871287,4.20022208408114
"222",0.25,24.36,-1.16704135867723,0.444417528523414,6.09,-1.07922330159822,-1.25048577101665,-2.62600208986974
"223",0.5,24.36,2.44295653155952,0.681817648895863,12.18,0.291833268339317,0.547477858961917,3.58300571350074
"224",0.75,24.36,-0.487329798018725,0.923744796484169,18.27,-0.821072734966664,-0.911954641055292,-0.527558910072927
"225",1,24.36,3.006147263503,2.77669917909969,24.36,0.505729890065153,0.827975655238737,1.08263339656322
"226",0,24.8,2.92384897606673,0.696117709382115,0,0.474473470777691,0.814304588612135,4.20022208408114
"227",0.25,24.8,-1.15475928229043,0.434716551624997,6.2,-1.07455863917054,-1.22392668258917,-2.65634993186681
"228",0.5,24.8,2.34059917444772,0.666597308442785,12.4,0.252958529013538,0.522833108813616,3.5112640642302
"229",0.75,24.8,-0.585687694795191,0.916977521477841,18.6,-0.858428502111383,-0.939540580342573,-0.638715433123454
"230",1,24.8,2.94791158895998,2.80413144689562,24.8,0.483612313652469,0.826329565505991,1.05127439450941
"231",0,25.24,2.92384897606673,0.696117709382115,0,0.474473470777691,0.839389939176426,4.20022208408114
"232",0.25,25.24,-1.14216160794944,0.425125529031704,6.31,-1.06977411444329,-1.19816511252332,-2.68664554337847
"233",0.5,25.24,2.24252196227448,0.651354156858947,12.62,0.215709364277193,0.497964045139358,3.44286121253711
"234",0.75,25.24,-0.67613020842718,0.910243510112893,18.93,-0.892778051969062,-0.964627935792859,-0.742801460175555
"235",1,25.24,2.89600952894371,2.83091833412837,25.24,0.463900207844579,0.825439064000391,1.02299296098748
"236",0,25.68,2.92384897606673,0.696117709382115,0,0.474473470777691,0.86231614819908,4.20022208408114
"237",0.25,25.68,-1.12930914519621,0.415688991962064,6.42,-1.06489282253303,-1.17337702745474,-2.71671650448534
"238",0.5,25.68,2.14868696030606,0.635977911741194,12.84,0.180071366735188,0.472992075883252,3.37855595396913
"239",0.75,25.68,-0.758755791864018,0.903506793984748,19.26,-0.924158776407261,-0.987267107726531,-0.83978980226332
"240",1,25.68,2.85021963441483,2.85698419278591,25.68,0.446509467561779,0.82533591109894,0.99763227308427
"241",0,26.12,2.92384897606673,0.696117709382115,0,0.474473470777691,0.883235835819445,4.20022208408114
"242",0.25,26.12,-1.11629404225972,0.406470721549665,6.53,-1.05994976081054,-1.14966396387548,-2.74630860988919
"243",0.5,26.12,2.05898657841344,0.620483062652338,13.06,0.146003674271322,0.448058519823995,3.31836064889833
"244",0.75,26.12,-0.833919625072768,0.896809833450184,19.59,-0.952705570747849,-1.00758015804622,-0.929873417940271
"245",1,26.12,2.80999982622723,2.8824756623918,26.12,0.431234214241999,0.825949766278265,0.974856392680022
"246",0,26.56,2.92384897606673,0.696117709382115,0,0.474473470777691,0.902249958923861,4.20022208408114
"247",0.25,26.56,-1.10316548620378,0.397508419067199,6.64,-1.05496361024159,-1.12714316196024,-2.77520030592683
"248",0.5,26.56,1.97335682862683,0.604818688204592,13.28,0.113481984620327,0.423254354725976,3.26272462658976
"249",0.75,26.56,-0.901759709455489,0.890155440342188,19.92,-0.978470847134741,-1.02564576192139,-1.01303622781751
"250",1,26.56,2.77509192143524,2.90746467589351,26.56,0.417976391477823,0.827284610231789,0.954471414371497
"251",0,27,2.92384897606673,0.696117709382115,0,0.474473470777691,0.91972296094985,4.20022208408114
"252",0.25,27,-1.09005135108754,0.388884307605751,6.75,-1.04998293666314,-1.10566140466477,-2.80302220935238
"253",0.5,27,1.89142721652548,0.589255960479253,13.5,0.0823655861183248,0.398770590421588,3.20985674033259
"254",0.75,27,-0.963527890491992,0.883701178643949,20.25,-1.00193004932769,-1.0418186038757,-1.09033224553411
"255",1,27,2.74402765997786,2.93250768384865,27,0.406178362488223,0.828986457169034,0.935727355495477
"256",0,27.44,2.92384897606673,0.696117709382115,0,0.474473470777691,0.935862076531923,4.20022208408114
"257",0.25,27.44,-1.07701857976152,0.380641462026946,6.86,-1.04503316458727,-1.08518951777357,-2.82948308895807
"258",0.5,27.44,1.81300674258505,0.573905878407092,13.72,0.0525819382374125,0.374716416078971,3.15906633961853
"259",0.75,27.44,-1.01979261639041,0.877517884163958,20.58,-1.02329907070784,-1.05628163144817,-1.16213314257635
"260",1,27.44,2.71605183338139,2.95784368657577,27.44,0.395553303410418,0.83089265661085,0.918254012444351
"261",0,27.88,2.92384897606673,0.696117709382115,0,0.474473470777691,0.950820022376971,4.20022208408114
"262",0.25,27.88,-1.06410627758837,0.372804945422865,6.97,-1.04012914600727,-1.06575587959069,-2.85432446820516
"263",0.5,27.88,1.73799108621841,0.558806002784377,13.94,0.0240914206147231,0.35117125710194,3.11018685833451
"264",0.75,27.88,-1.0707955660289,0.871639296852136,20.91,-1.04266969953207,-1.06913842954736,-1.22848472974544
"265",1,27.88,2.69065780773757,2.98359303106921,27.88,0.385908797581123,0.832903029659141,0.901817969045642
"266",0,28.32,2.92384897606673,0.696117709382115,0,0.474473470777691,0.96472115532626,4.20022208408114
"267",0.25,28.32,-1.05132432832246,0.365382572693391,7.08,-1.03527463471654,-1.04749463396909,-2.87732477379174
"268",0.5,28.32,1.66641346665293,0.543885375450228,14.16,-0.00309335027701301,0.328212658132101,3.06390563503104
"269",0.75,28.32,-1.1162887071692,0.866057360054513,21.24,-1.05994773457364,-1.08037932574161,-1.28893160967876
"270",1,28.32,2.667463947467,3.00981277255034,28.32,0.377099901988087,0.834940146252342,0.886255773712711
"271",0,28.76,2.92384897606673,0.696117709382115,0,0.474473470777691,0.977685813555425,4.20022208408114
"272",0.25,28.76,-1.03872063775762,0.358401326997569,7.19,-1.03048782506186,-1.030268221799,-2.89820533439227
"273",0.5,28.76,1.59800382103668,0.529305774218701,14.38,-0.0290749427657283,0.305839918404494,3.01905608982911
"274",0.75,28.76,-1.15705927079861,0.860845580361766,21.57,-1.07543216166302,-1.09023399121387,-1.34409619703497
"275",1,28.76,2.64616805531927,3.03651931156345,28.76,0.369011843842462,0.836976481052956,0.871447793940361
"276",0,29.2,2.92384897606673,0.696117709382115,0,0.474473470777691,0.989812903549888,4.20022208408114
"277",0.25,29.2,-1.02634100211452,0.351883457554362,7.3,-1.02578611018612,-1.013915285092,-2.91670716562731
"278",0.5,29.2,1.5324751831062,0.515248797566395,14.6,-0.0539623449984629,0.284040546956493,2.97424310419419
"279",0.75,29.2,-1.19394719535772,0.85607366601083,21.9,-1.08944198462023,-1.09893328570649,-1.39467810161867
"280",1,29.2,2.62652377031603,3.0637014221281,29.2,0.361551056652459,0.838995120292101,0.857304093455559
"281",0,29.64,2.92384897606673,0.696117709382115,0,0.474473470777691,1.00118277362559,4.20022208408114
"282",0.25,29.64,-1.01421197096097,0.345838028271109,7.41,-1.02117957346348,-0.998360973423505,-2.93262130839444
"283",0.5,29.64,1.46964969023023,0.501815104000024,14.82,-0.0778231081861983,0.262815559895113,2.92866770751914
"284",0.75,29.64,-1.22741419110626,0.851774868810717,22.23,-1.10215255836356,-1.1066140380365,-1.44100775457255
"285",1,29.64,2.60832631254461,3.09132887100039,29.64,0.354639766177429,0.840976677939303,0.843755686110654
"286",0,30.08,2.92384897606673,0.696117709382115,0,0.474473470777691,1.01186450320863,4.20022208408114
"287",0.25,30.08,-1.00235202226339,0.340267449262899,7.52,-1.01667523271997,-0.983558741639377,-2.94577698934977
"288",0.5,30.08,1.40938979269438,0.489075370665583,15.04,-0.100709472924452,0.242167012132647,2.88174354553235
"289",0.75,30.08,-1.25778368121761,0.847966934858482,22.56,-1.11368671716609,-1.11337743150373,-1.48329330957642
"290",1,30.08,2.59140305742434,3.11935852252961,30.08,0.348212410588072,0.842904657801829,0.830748706411237
"291",0,30.52,2.92384897606673,0.696117709382115,0,0.474473470777691,1.02191894758715,4.20022208408114
"292",0.25,30.52,-0.990774309231873,0.335169211091594,7.63,-1.01227808346965,-0.969482144988521,-2.95604213168947
"293",0.5,30.52,1.35158822015126,0.477078397413681,15.26,-0.122662179878187,0.222096957332707,2.83305265440322
"294",0.75,30.52,-1.28527899959531,0.844657119647115,22.89,-1.1241292819682,-1.11929910550192,-1.52165768771627
"295",1,30.52,2.57560691769183,3.14773881405556,30.52,0.342213126982263,0.844765345570582,0.818240352786261
"296",0,30.96,2.92384897606673,0.696117709382115,0,0.474473470777691,1.03140095675817,4.20022208408114
"297",0.25,30.96,-0.979488042361418,0.330536798822421,7.74,-1.00799162380588,-0.956133201217671,-2.96332525107936
"298",0.5,30.96,1.29617849573327,0.465847396572617,15.48,-0.143706476581843,0.202609934533184,2.78241008808819
"299",0.75,30.96,-1.30999622105507,0.841844306708767,23.22,-1.13351674143588,-1.1244241511261,-1.55610272661529
"300",1,30.96,2.56081149406141,3.17641308928999,30.96,0.336593909633587,0.84654646105242,0.806195989651274
"301",0,31.4,2.92384897606673,0.696117709382115,0,0.474473470777691,1.04036205760831,4.20022208408114
"302",0.25,31.4,-0.968499306670449,0.326360289627683,7.85,-1.00381816478388,-0.94356693249153,-2.96757705349302
"303",0.5,31.4,1.24316596850384,0.455366403316071,15.7,-0.163840331491695,0.183718330051786,2.73003445017212
"304",0.75,31.4,-1.33181427483501,0.839520483511607,23.55,-1.14180311358561,-1.12874848499433,-1.58639878477319
"305",1,31.4,2.54690740689337,3.20532209252118,31.4,0.33131321677992,0.848235029825768,0.794587044102663
"306",0,31.84,2.92384897606673,0.696117709382115,0,0.474473470777691,1.04884627833715,4.20022208408114
"307",0.25,31.84,-0.957812642030389,0.322628108121776,7.96,-0.999759430620878,-0.931650665295487,-2.96878237797205
"308",0.5,31.84,1.19232185565702,0.445731902005245,15.92,-0.183150635010104,0.165388494742513,2.67497536140679
"309",0.75,31.84,-1.3513086838079,0.837688780222741,23.88,-1.14920697871573,-1.13241976490957,-1.61313928956836
"310",1,31.84,2.5337994521657,3.23440582722679,31.84,0.32633489047773,0.849835657125389,0.783389465488999
"311",0,32.28,2.92384897606673,0.696117709382115,0,0.474473470777691,1.0568905766213,4.20022208408114
"312",0.25,32.28,-0.947430673606262,0.319326030657261,8.07,-0.995816418339547,-0.920288377047435,-2.96696975080982
"313",0.5,32.28,1.14346746118764,0.437008669551631,16.14,-0.201705254858695,0.147596188390488,2.61657843621462
"314",0.75,32.28,-1.36890578143306,0.836341435829342,24.21,-1.15589025583787,-1.13554839133258,-1.63677862029592
"315",1,32.28,2.52140435316586,3.26360492509081,32.28,0.321627302707468,0.851350003368226,0.772582592268181
"316",0,32.72,2.92384897606673,0.696117709382115,0,0.474473470777691,1.06452744361152,4.20022208408114
"317",0.25,32.72,-0.937354497002442,0.316437658718726,8.18,-0.991989544044168,-0.909422408992026,-2.96220905184876
"318",0.5,32.72,1.0964761309891,0.429228668394536,16.36,-0.219552293543417,0.130325870617103,2.55452678659675
"319",0.75,32.72,-1.38487793803546,0.835462533041615,24.54,-1.16195638964505,-1.13820828796089,-1.65761824530135
"320",1,32.72,2.50964895500644,3.29286163398933,32.72,0.317162669660922,0.852777382724294,0.762148317773674
"321",0,33.16,2.92384897606673,0.696117709382115,0,0.474473470777691,1.07178580096167,4.20022208408114
"322",0.25,33.16,-0.927584092858712,0.313944943611134,8.29,-0.988278800381842,-0.899009549655358,-2.95460752509414
"323",0.5,33.16,1.05124270514726,0.422406131835989,16.58,-0.236731690198731,0.113564882612949,2.48870133721316
"324",0.75,33.16,-1.39943548015063,0.835031451480305,24.87,-1.16748526095357,-1.14045799329054,-1.67590750943545
"325",1,33.16,2.49846875611807,3.32212050781732,33.16,0.312916494010639,0.854116859371273,0.752070477346893
"326",0,33.6,2.92384897606673,0.696117709382115,0,0.474473470777691,1.07869162100313,4.20022208408114
"327",0.25,33.6,-0.918118626001024,0.311828564114289,8.4,-0.984683870158238,-0.889015311765062,-2.94430572327082
"328",0.5,33.6,1.00767610916536,0.416541290780334,16.8,-0.253278034398088,0.0973021286620534,2.41915058955527
"329",0.75,33.6,-1.41274954532353,0.83502434198677,25.2,-1.17254186682507,-1.14234610211024,-1.69186630172024
"330",1,33.6,2.48780670143935,3.35132886184376,33.6,0.30886710657032,0.855367664210121,0.742334400471419
"331",0,34.04,2.92384897606673,0.696117709382115,0,0.474473470777691,1.08526837765243,4.20022208408114
"332",0.25,34.04,-0.908956708640864,0.310068258744718,8.51,-0.981204226299209,-0.879411368446842,-2.93147293541329
"333",0.5,34.04,0.965696005226542,0.411622303117436,17.02,-0.269221837985242,0.0815275679047679,2.34607308183451
"334",0.75,34.04,-1.42496282513547,0.835415124125934,25.53,-1.17718040070675,-1.14391388940301,-1.70569431170684
"335",1,34.04,2.47761218263193,3.38043704337313,34.04,0.304995286582264,0.856529312292656,0.732926586368156
"336",0,34.48,2.92384897606673,0.696117709382115,0,0.474473470777691,1.091537388114,4.20022208408114
"337",0.25,34.48,-0.900096661345547,0.308643122607983,8.62,-0.977839230965816,-0.870174188393217,-2.91630234213509
"338",0.5,34.48,0.925231030041051,0.407626651488343,17.24,-0.284590204329851,0.0662320272389278,2.26980013858959
"339",0.75,34.48,-1.43619568989442,0.836176240794576,25.86,-1.18144657855373,-1.14519684043339,-1.71757533857895
"340",1,34.48,2.46784020516309,3.40939855512506,34.48,0.301283945380051,0.857601613473682,0.723834472638405
"341",0,34.92,2.92384897606673,0.696117709382115,0,0.474473470777691,1.09751807545856,4.20022208408114
"342",0.25,34.92,-0.891536820067681,0.307531880436884,8.73,-0.974588252162371,-0.861284333030004,-2.89900617393277
"343",0.5,34.92,0.886217980347792,0.404522371637947,17.46,-0.299407137669315,0.0514072192329466,2.19077619059588
"344",0.75,34.92,-1.44654983316739,0.837279249467711,26.19,-1.18537902300165,-1.14622559058348,-1.72767906775072
"345",1,34.92,2.45845069281645,3.4381700589917,34.92,0.297717862245711,0.858584628921979,0.715046274801609
"346",0,35.36,2.92384897606673,0.696117709382115,0,0.474473470777691,1.10322816390484,4.20022208408114
"347",0.25,35.36,-0.883276009069547,0.306713138259265,8.84,-0.971450843350406,-0.852726359461328,-2.87981145536359
"348",0.5,35.36,0.848602004518748,0.402269196192243,17.68,-0.313693470338512,0.0370460141333847,2.10953762443497
"349",0.75,35.36,-1.45610988548669,0.838695290082787,26.52,-1.18900987624308,-1.14702639323744,-1.73616079964269
"350",1,35.36,2.44940790893413,3.46671127747506,35.36,0.294283464600799,0.859478574660542,0.706550881479271
"351",0,35.8,2.92384897606673,0.696117709382115,0,0.474473470777691,1.1086837839321,4.20022208408114
"352",0.25,35.8,-0.875314682270231,0.306165655249077,8.95,-0.968427176925796,-0.844490031892763,-2.85895778074171
"353",0.5,35.8,0.812339260380124,0.400819460477729,17.9,-0.327465853344521,0.0231434230980056,2.02669615744683
"354",0.75,35.8,-1.4649412775963,0.840395463394428,26.85,-1.19236398850069,-1.14762075503959,-1.74315705094275
"355",1,35.8,2.44067998197741,3.49498479816976,35.8,0.290968647817024,0.860283579902248,0.698337796277551
"356",0,36.24,2.92384897606673,0.696117709382115,0,0.474473470777691,1.11389921174103,4.20022208408114
"357",0.25,36.24,-0.867660709899066,0.30586895867351,9.06,-0.965520241956669,-0.836579323344551,-2.83670730649468
"358",0.5,36.24,0.777414766252928,0.400117297666687,18.12,-0.340729976643412,0.0097021504195905,1.94296715184892
"359",0.75,36.24,-1.47306715063144,0.842351261476499,27.18,-1.19545014864539,-1.14802050784736,-1.74875638940624
"360",1,36.24,2.43223853364274,3.52295576810806,36.24,0.287762633976864,0.860998469031287,0.690397124954233
"361",0,36.68,2.92384897606673,0.696117709382115,0,0.474473470777691,1.11888894877317,4.20022208408114
"362",0.25,36.68,-0.860306542236396,0.305800853695405,9.17,-0.96272717110264,-0.828974427548992,-2.81329019144371
"363",0.5,36.68,0.743768298941592,0.400107239802887,18.34,-0.353508712660726,-0.00328990668356212,1.85892237118231
"364",0.75,36.68,-1.48057080752944,0.844533380558427,27.51,-1.19829999465676,-1.14825042985966,-1.75312289793737
"365",1,36.68,2.42405842712458,3.55059142630116,36.68,0.28465587626522,0.861625815319045,0.682719619376157
"366",0,37.12,2.92384897606673,0.696117709382115,0,0.474473470777691,1.12366660292741,4.20022208408114
"367",0.25,37.12,-0.853234698174423,0.305939389410367,9.28,-0.960041325138861,-0.821640248367288,-2.78890109514454
"368",0.5,37.12,0.711311769689813,0.400735633344078,18.56,-0.365835517002737,-0.0158537671565715,1.77501502363048
"369",0.75,37.12,-1.48757343861331,0.84691315301599,27.84,-1.20095955392697,-1.14834296513073,-1.75646515031185
"370",1,37.12,2.41611770353142,3.57786031950533,37.12,0.281640034820576,0.862170377727173,0.675296822058574
"371",0,37.56,2.92384897606673,0.696117709382115,0,0.474473470777691,1.12824328768082,4.20022208408114
"372",0.25,37.56,-0.846436215116256,0.306264737447197,9.39,-0.957459300122249,-0.814556471680131,-2.7637403580038
"373",0.5,37.56,0.679988942894153,0.401945260424239,18.78,-0.377731747630282,-0.0280010045764248,1.69174514503903
"374",0.75,37.56,-1.49415486683109,0.849463251382175,28.17,-1.20345914275553,-1.14832104833019,-1.75893997109343
"375",1,37.56,2.4083979648802,3.60473065123187,37.56,0.278708122194096,0.862635236905929,0.668121476442953
"376",0,38,2.92384897606673,0.696117709382115,0,0.474473470777691,1.13262726117682,4.20022208408114
"377",0.25,38,-0.839905010567462,0.306758281181563,9.5,-0.954978785956175,-0.807708362551047,-2.73800272752976
"378",0.5,38,0.649760842007697,0.40367720210646,19,-0.389212207613152,-0.0397379448598095,1.60960499779807
"379",0.75,38,-1.50038045833522,0.852156408561295,28.5,-1.20582358683362,-1.14820459170215,-1.76068670406214
"380",1,38,2.40088702073583,3.63116400974086,38,0.275855508528191,0.863023637936191,0.661189363602216
"381",0,38.44,2.92384897606673,0.696117709382115,0,0.474473470777691,1.13682319008374,4.20022208408114
"382",0.25,38.44,-0.833637348059479,0.3074023990387,9.61,-0.952598363551231,-0.801085518382483,-2.7118765197227
"383",0.5,38.44,0.620606407793928,0.405870667751808,19.22,-0.400284895129039,-0.0510650537421232,1.52907430150491
"384",0.75,38.44,-1.50630700910015,0.854964185114178,28.83,-1.20807445694778,-1.14801223523617,-1.76183638487615
"385",1,38.44,2.39358107427912,3.65710973292732,38.44,0.273080751812632,0.863339617277041,0.654500753075075
"386",0,38.88,2.92384897606673,0.696117709382115,0,0.474473470777691,1.14084750854987,4.20022208408114
"387",0.25,38.88,-0.827633043733586,0.308180301865364,9.72,-0.950317963078924,-0.794673162812831,-2.68554816360443
"388",0.5,38.88,0.592459261070859,0.408469136751764,19.44,-0.410975020611945,-0.0619979169540216,1.4504382528928
"389",0.75,38.88,-1.51199044697984,0.85786512657658,29.16,-1.21023299417736,-1.14775706234695,-1.76250368518141
"390",1,38.88,2.38644231770041,3.68259133933574,38.88,0.270369492857361,0.863580633563932,0.648033435643412
"391",0,39.32,2.92384897606673,0.696117709382115,0,0.474473470777691,1.14471058795848,4.20022208408114
"392",0.25,39.32,-0.821901547078198,0.309075669512565,9.83,-0.948141173400959,-0.788461640758039,-2.65922435232251
"393",0.5,39.32,0.56528293465952,0.411417009548136,19.66,-0.42129643408806,-0.0725392909827677,1.37399018888494
"394",0.75,39.32,-1.51749134276307,0.860834927467498,29.49,-1.21232220296181,-1.147453748558,-1.76281339702073
"395",1,39.32,2.37944306007309,3.70761711009853,39.32,0.267711214806676,0.863744092340326,0.641771517774082
"396",0,39.76,2.92384897606673,0.696117709382115,0,0.474473470777691,1.14842545537894,4.20022208408114
"397",0.25,39.76,-0.816431218728671,0.310073046990489,9.94,-0.946063573953153,-0.782439344383925,-2.63302865777209
"398",0.5,39.76,0.539020531423698,0.414663490257823,19.88,-0.431270744764585,-0.0827072559195361,1.29989869879442
"399",0.75,39.76,-1.52283587149258,0.863858268862786,29.82,-1.2143520244328,-1.14711038702626,-1.76283069385594
"400",1,39.76,2.37256179351093,3.73218652948392,39.76,0.265097749088301,0.863831531950785,0.635702898225454
"401",0,40.2,2.92384897606673,0.696117709382115,0,0.474473470777691,1.15200359451893,4.20022208408114
"402",0.25,40.2,-0.811215596201625,0.31115813933559,10.05,-0.944082710321249,-0.776598499577836,-2.60708460956155
"403",0.5,40.2,0.513625132604779,0.418161478626918,20.1,-0.440915772117933,-0.0925164564208225,1.22829375458334
"404",0.75,40.2,-1.52804351850054,0.866923156883326,30.15,-1.21632985900813,-1.14673288555797,-1.76260549319504
"405",1,40.2,2.3657795986459,3.75629639929297,40.2,0.262521910234368,0.863844247037704,0.629817071701585
"406",0,40.64,2.92384897606673,0.696117709382115,0,0.474473470777691,1.15545539165873,4.20022208408114
"407",0.25,40.64,-0.806243443770662,0.312318046609565,10.16,-0.942194315240565,-0.770927941787539,-2.58148209020583
"408",0.5,40.64,0.489050329586361,0.421868270163778,20.32,-0.450249141875419,-0.101981423561466,1.15924890344681
"409",0.75,40.64,-1.53314033934686,0.870016620452033,30.48,-1.21826560244057,-1.14632938152797,-1.76219661016394
"410",1,40.64,2.35907890496213,3.7799420002972,40.64,0.259977025063348,0.863783355218247,0.6241045245606
"411",0,41.08,2.92384897606673,0.696117709382115,0,0.474473470777691,1.1587916764483,4.20022208408114
"412",0.25,41.08,-0.801491548347862,0.313542084581078,10.27,-0.940389572512957,-0.765410599043082,-2.55624870715117
"413",0.5,41.08,0.465239764931524,0.425749099269105,20.54,-0.459292258269538,-0.111122149578076,1.09275572333615
"414",0.75,41.08,-1.53815394321591,0.873125930982329,30.81,-1.22016974054057,-1.14590936074937,-1.76166333931392
"415",1,41.08,2.35244250340108,3.80311705139673,41.08,0.257456557673151,0.863650432922235,0.61855642926823
"416",0,41.52,2.92384897606673,0.696117709382115,0,0.474473470777691,1.16202155057159,4.20022208408114
"417",0.25,41.52,-0.796947943705038,0.314820392880153,10.38,-0.938663937433338,-0.760033860825638,-2.53143685011671
"418",0.5,41.52,0.442151743440304,0.429771767266643,20.76,-0.468060956898977,-0.11995102096874,1.02880593169812
"419",0.75,41.52,-1.543114591874,0.876238333542147,31.14,-1.22205376655405,-1.14548183738579,-1.76106720375499
"420",1,41.52,2.34585206935063,3.82581254080337,41.52,0.254953548480804,0.863445168608582,0.613164404771914
"421",0,41.96,2.92384897606673,0.696117709382115,0,0.474473470777691,1.16515376488765,4.20022208408114
"422",0.25,41.96,-0.792606783103361,0.316143646913444,10.49,-0.937015189443712,-0.754785588835599,-2.50710963462874
"423",0.5,41.96,0.419752248565073,0.433905936639539,20.98,-0.476568157054142,-0.128474940579205,0.967380745734704
"424",0.75,41.96,-1.54806223190026,0.879339577792013,31.47,-1.2239328519635,-1.14505759531677,-1.76048283393247
"425",1,41.96,2.33928349934655,3.84801153643787,41.96,0.252458843128334,0.863164359843931,0.60792008474903
"426",0,42.4,2.92384897606673,0.696117709382115,0,0.474473470777691,1.16819788273604,4.20022208408114
"427",0.25,42.4,-0.788470668503981,0.317502376194998,10.6,-0.935444316754054,-0.749651669097318,-2.48335359865065
"428",0.5,42.4,0.39801541088299,0.438120904975123,21.2,-0.484823683794002,-0.136692114567374,0.908460213523911
"429",0.75,42.4,-1.55306150648603,0.882410645221446,31.8,-1.2258315478836,-1.14465272944629,-1.76002127229129
"430",1,42.4,2.33269747364908,3.86967789392917,42.4,0.249957508203258,0.862798630374944,0.602814378248034
"431",0,42.84,2.92384897606673,0.696117709382115,0,0.474473470777691,1.17115680580009,4.20022208408114
"432",0.25,42.84,-0.784517457400744,0.318890595455877,10.71,-0.933942909767058,-0.744631283207428,-2.46014610835174
"433",0.5,42.84,0.376901840583525,0.442397403485632,21.42,-0.492842497143508,-0.144627670473495,0.851953102830013
"434",0.75,42.84,-1.55807335147465,0.88545266525071,32.13,-1.22773501797086,-1.14425985137529,-1.75963483156211
"435",1,42.84,2.32611882940422,3.89084930619023,42.84,0.247458976711707,0.862361999256117,0.597843464588421
"436",0,43.28,2.92384897606673,0.696117709382115,0,0.474473470777691,1.1740338795642,4.20022208408114
"437",0.25,43.28,-0.780730107425333,0.320303055484934,10.82,-0.932504495888622,-0.739722139960485,-2.43747318065174
"438",0.5,43.28,0.35637729800912,0.446719043197585,21.64,-0.500637601128944,-0.15230151997875,0.797766075648342
"439",0.75,43.28,-1.56307395633203,0.88846549315155,32.46,-1.22963421912051,-1.14387473501643,-1.75929618919416
"440",1,43.28,2.31956290970153,3.91155385712298,43.28,0.244969075871413,0.86186451539147,0.593002932959132
"441",0,43.72,2.92384897606673,0.696117709382115,0,0.474473470777691,1.17683309495646,4.20022208408114
"442",0.25,43.72,-0.777096989227874,0.321734829421427,10.93,-0.931124658358119,-0.734920197729922,-2.41533374122199
"443",0.5,43.72,0.336412641449686,0.451070769408336,21.86,-0.508220063605276,-0.159727875861918,0.745809004407346
"444",0.75,43.72,-1.56805687762205,0.891446621535799,32.79,-1.23152670415233,-1.14349686574946,-1.75900254680485
"445",1,43.72,2.31303423143674,3.93180756195779,43.72,0.242489521173569,0.861311844384836,0.5882877518769
"446",0,44.16,2.92384897606673,0.696117709382115,0,0.474473470777691,1.17955842487783,4.20022208408114
"447",0.25,44.16,-0.773608649648072,0.323181467688385,11.04,-0.929799806919287,-0.730221100142524,-2.39372837552058
"448",0.5,44.16,0.316981568087625,0.455439259654124,22.08,-0.515599874232325,-0.166918669430699,0.69599087335675
"449",0.75,44.16,-1.5730209144056,0.89439319408256,33.12,-1.2334120169565,-1.14312675852419,-1.75875769718838
"450",1,44.16,2.30653397303551,3.95162271892771,44.16,0.240020760177503,0.860708103219582,0.583692861666055
"451",0,44.6,2.92384897606673,0.696117709382115,0,0.474473470777691,1.18221371005449,4.20022208408114
"452",0.25,44.6,-0.770257020288882,0.324638970393357,11.15,-0.928526877241034,-0.725620457836029,-2.37265729174652
"453",0.5,44.6,0.298059948798549,0.459812772974298,22.3,-0.52278619711365,-0.173884363156293,0.64822024597218
"454",0.75,44.6,-1.57796747167066,0.897302363117522,33.45,-1.23529069113943,-1.14276539044724,-1.75856827813122
"455",1,44.6,2.30006159645881,3.97100966942209,44.6,0.237562588539065,0.860056501385071,0.57921329534147
"456",0,45.04,2.92384897606673,0.696117709382115,0,0.474473470777691,1.18480263116357,4.20022208408114
"457",0.25,45.04,-0.767035051131624,0.326103740505813,11.26,-0.927303191766552,-0.721113943310633,-2.35211975778595
"458",0.5,45.04,0.279625458805231,0.464180963951738,22.52,-0.529787511072071,-0.180634318636405,0.602406131489496
"459",0.75,45.04,-1.58289950339899,0.900171396927187,33.78,-1.23716384860652,-1.14241398163262,-1.75844234642686
"460",1,45.04,2.29361549379081,3.98997749301932,45.04,0.235114395581016,0.859359612416093,0.574844218495872
"461",0,45.48,2.92384897606673,0.696117709382115,0,0.474473470777691,1.18732870946643,4.20022208408114
"462",0.25,45.48,-0.76393650267227,0.327572540101974,11.37,-0.926126380767865,-0.716697321755526,-2.33211398743758
"463",0.5,45.48,0.261657327208435,0.468534705556426,22.74,-0.536611704776427,-0.187177001007039,0.55845879527258
"464",0.75,45.48,-1.58782101702962,0.902997704764635,34.11,-1.23903301136021,-1.14207389832187,-1.75838876295205
"465",1,45.48,2.28719328613615,4.00853433315178,45.48,0.232675277812488,0.858619511617999,0.570580939576936
"466",0,45.92,2.92384897606673,0.696117709382115,0,0.474473470777691,1.18979532033006,4.20022208408114
"467",0.25,45.92,-0.760955816513982,0.329042447214261,11.48,-0.924994333197617,-0.712366452113058,-2.31263723861887
"468",0.5,45.92,0.244136149044368,0.472865926156353,22.96,-0.543266148121078,-0.193520102769322,0.516290423014417
"469",0.75,45.92,-1.59273684579437,0.905778825943903,34.44,-1.24090001503432,-1.14174661361476,-1.7584169558552
"470",1,45.92,2.28079195427196,4.02668755136528,45.92,0.230244088549889,0.857837848167078,0.56641890516155
"471",0,46.36,2.92384897606673,0.696117709382115,0,0.474473470777691,1.19220571504453,4.20022208408114
"472",0.25,46.36,-0.758088033458429,0.330510815483725,11.59,-0.923905165580621,-0.708117269512339,-2.29368600948479
"473",0.5,46.36,0.227043735428686,0.477167459644721,23.18,-0.549757749140361,-0.199670618092092,0.475815630004891
"474",0.75,46.36,-1.59765258475329,0.908512397389226,34.77,-1.24276698460069,-1.14143370314969,-1.75853691082745
"475",1,46.36,2.27440786279625,4.04444378014815,46.36,0.227819447088317,0.85701587570959,0.562353684815699
"476",0,46.8,2.92384897606673,0.696117709382115,0,0.474473470777691,1.19456305103348,4.20022208408114
"477",0.25,46.8,-0.755328746936296,0.331975235021232,11.7,-0.92285720432703,-0.70394575074015,-2.27525630605544
"478",0.5,46.8,0.21036298888788,0.481432902406629,23.4,-0.556093001357014,-0.205634878503783,0.436951832407589
"479",0.75,46.8,-1.60257466114158,0.911196101457698,35.1,-1.24463636108651,-1.14113686964934,-1.75875934782626
"480",1,46.8,2.26803669175917,4.06180889581137,46.8,0.225399712735506,0.856154447859798,0.558380945518639
"481",0,47.24,2.92384897606673,0.696117709382115,0,0.474473470777691,1.19687043455238,4.20022208408114
"482",0.25,47.24,-0.752674090632503,0.333433493080821,11.81,-0.921848981032472,-0.699847857178119,-2.25734398688635
"483",0.5,47.24,0.194077795706775,0.485656469377266,23.62,-0.562278024667981,-0.211418548297908,0.399619500499256
"484",0.75,47.24,-1.60751056028706,0.913827587866435,35.43,-1.24651098737653,-1.14085800155015,-1.75909611575659
"485",1,47.24,2.26167325483708,4.0787879020831,47.24,0.222982915755372,0.855253972473793,0.554496411466263
"486",0,47.68,2.92384897606673,0.696117709382115,0,0.474473470777691,1.1991309869587,4.20022208408114
"487",0.25,47.68,-0.750120771742263,0.33488352696854,11.92,-0.920879245108505,-0.695819438006256,-2.23994526853133
"488",0.5,47.68,0.178172928678673,0.489832832816517,23.84,-0.568318602279352,-0.217026561947877,0.363742315218412
"489",0.75,47.68,-1.61246930002183,0.916404348679533,35.76,-1.24839428839185,-1.14059928713424,-1.75956094309818
"490",1,47.68,2.25531112976766,4.09538467442379,47.68,0.220566617009385,0.854314300129672,0.550695797601718
"491",0,48.12,2.92384897606673,0.696117709382115,0,0.474473470777691,1.20134796451107,4.20022208408114
"492",0.25,48.12,-0.747666189535373,0.336323362061323,12.03,-0.919947008812658,-0.691856045923575,-2.22305755078367
"493",0.5,48.12,0.162633951890751,0.493956905370221,24.06,-0.574220216868327,-0.222462947784338,0.329247248338105
"494",0.75,48.12,-1.61746242560283,0.918923489397686,36.09,-1.25029064895507,-1.14036344630464,-1.76017094378881
"495",1,48.12,2.24894188961942,4.11160141638133,48.12,0.21814761599712,0.853334475501483,0.546974685011841
"496",0,48.56,2.92384897606673,0.696117709382115,0,0.474473470777691,1.20352503441588,4.20022208408114
"497",0.25,48.56,-0.745308782749499,0.337750993509201,12.14,-0.91905167918642,-0.687952500684774,-2.2066812446821
"498",0.5,48.56,0.147447107471091,0.498023443427438,24.28,-0.579988093596041,-0.22773034026564,0.29606459177172
"499",0.75,48.56,-1.6225064742659,0.921381201884215,36.42,-1.25220634981387,-1.14015429641261,-1.76095026786729
"500",1,48.56,2.24255320142432,4.12743730989926,48.56,0.215721228727791,0.852312102947141,0.543328228401137
"501",0,49,2.92384897606673,0.696117709382115,0,0.474473470777691,1.20566740686465,4.20022208408114
"502",0.25,49,-0.743049592890112,0.339163972303763,12.25,-0.918193651787616,-0.684101077402146,-2.19082701456457
"503",0.5,49,0.132599061369765,0.502025656461858,24.5,-0.585627296658462,-0.232827828635493,0.264128057327364
"504",0.75,49,-1.62763338684428,0.923770630909739,36.75,-1.25415352191419,-1.13997912913219,-1.7619453708345
"505",1,49,2.23612079247184,4.14288284649116,49,0.213278236564644,0.851240628305182,0.539749945950254
