B.1.arg,B.1.vd,value,se,x,z,,,
0,1.83,-0.629959235,0.876928548,0,1.096673641,,avg,-9.741500311
0.111111111,1.83,1.392266269,1.564647528,0.203333333,1.34007061,,sd,8.308342848
0.222222222,1.83,2.836345594,2.230713953,0.406666667,1.513881359,,,
0.333333333,1.83,3.702268832,2.724642551,0.61,1.618104697,,,
0.444444444,1.83,3.990037247,3.08264414,0.813333333,1.652740775,,,
0.555555556,1.83,3.699648515,3.400770209,1.016666667,1.617789313,,,
0.666666667,1.83,2.831100166,3.821490242,1.22,1.513250015,,,
0.777777778,1.83,1.384392189,4.50011011,1.423333333,1.339122878,,,
0.888888889,1.83,-0.640474169,5.547933621,1.626666667,1.095408053,,,
1,1.83,-3.24349747,7.007318548,1.83,0.782105714,,,
0,1.8859,-0.629959235,0.876928548,0,1.096673641,,,
0.111111111,1.8859,1.209068523,1.504341586,0.209544444,1.318020756,,,
0.222222222,1.8859,2.487087209,2.106660014,0.419088889,1.471844291,,,
0.333333333,1.8859,3.204086991,2.54333005,0.628633333,1.558143061,,,
0.444444444,1.8859,3.360068945,2.851806598,0.838177778,1.576917196,,,
0.555555556,1.8859,2.955031084,3.132401634,1.047722222,1.528166457,,,
0.666666667,1.8859,1.988970921,3.534124253,1.257266667,1.411890544,,,
0.777777778,1.8859,0.461888324,4.213545168,1.466811111,1.228089443,,,
0.888888889,1.8859,-1.626215583,5.271934123,1.676355556,0.976763287,,,
1,1.8859,-4.275339395,6.737986994,1.8859,0.657912246,,,
0,1.9418,-0.629959235,0.876928548,0,1.096673641,,,
0.111111111,1.9418,1.036418472,1.448581799,0.215755556,1.297240433,,,
0.222222222,1.9418,2.157937519,1.991642347,0.431511111,1.432227523,,,
0.333333333,1.9418,2.734588196,2.375276157,0.647266667,1.501633743,,,
0.444444444,1.9418,2.766371348,2.638535609,0.863022222,1.505459193,,,
0.555555556,1.9418,2.253285318,2.886637479,1.078777778,1.443703674,,,
0.666666667,1.9418,1.195327618,3.275569913,1.294533333,1.316366888,,,
0.777777778,1.9418,-0.407501994,3.96175675,1.510288889,1.123448804,,,
0.888888889,1.9418,-2.555202509,5.034205737,1.726044444,0.864949544,,,
1,1.9418,-5.247772562,6.507937914,1.9418,0.540869273,,,
0,1.9977,-0.629959235,0.876928548,0,1.096673641,,,
0.111111111,1.9977,0.873430672,1.397013671,0.221966667,1.277623068,,,
0.222222222,1.9977,1.84720847,1.885057221,0.443933333,1.394827882,,,
0.333333333,1.9977,2.291364602,2.219709376,0.6659,1.448286933,,,
0.444444444,1.9977,2.205899654,2.442007669,0.887866667,1.438000291,,,
0.555555556,1.9977,1.59081229,2.662765091,1.109833333,1.363967796,,,
0.666666667,1.9977,0.446100032,3.045199446,1.3318,1.226189149,,,
0.777777778,1.9977,-1.228237462,3.743631592,1.553766667,1.024664309,,,
0.888888889,1.9977,-3.432199291,4.832664175,1.775733333,0.759393384,,,
1,1.9977,-6.165784131,6.314258757,1.9977,0.430376535,,,
0,2.0536,-0.629959235,0.876928548,0,1.096673641,,,
0.111111111,2.0536,0.719316091,1.34931977,0.228177778,1.259073691,,,
0.222222222,2.0536,1.553395805,1.786377308,0.456355556,1.359464313,,,
0.333333333,2.0536,1.872270534,2.075985603,0.684533333,1.397844376,,,
0.444444444,2.0536,1.675940588,2.261596093,0.912711111,1.374213918,,,
0.555555556,2.0536,0.964404931,2.460340763,1.140888889,1.288572815,,,
0.666666667,2.0536,-0.262338891,2.842611689,1.369066667,1.140920772,,,
0.777777778,2.0536,-2.004291309,3.558096045,1.597244444,0.931257736,,,
0.888888889,2.0536,-4.261451522,4.665199214,1.825422222,0.659583804,,,
1,2.0536,-7.033818252,6.154104963,2.0536,0.325899129,,,
0,2.1095,-0.629959235,0.876928548,0,1.096673641,,,
0.111111111,2.1095,0.573369328,1.30521457,0.234388889,1.241507401,,,
0.222222222,2.1095,1.275154713,1.695141212,0.468777778,1.325974952,,,
0.333333333,2.1095,1.475387752,1.94357454,0.703166667,1.35007519,,,
0.444444444,2.1095,1.174068472,2.096856766,0.937555556,1.313808117,,,
0.555555556,2.1095,0.371196111,2.279160939,1.171944444,1.217173642,,,
0.666666667,2.1095,-0.933231747,2.667542986,1.406333333,1.060171475,,,
0.777777778,2.1095,-2.739215611,3.404006461,1.640722222,0.842801554,,,
0.888888889,2.1095,-5.046754777,4.529622658,1.875111111,0.565063963,,,
1,2.1095,-7.85584801,6.024684204,2.1095,0.226958852,,,
0,2.1654,-0.629959235,0.876928548,0,1.096673641,,,
0.111111111,2.1654,0.434957827,1.264440089,0.2406,1.224848063,,,
0.222222222,2.1654,1.01127925,1.61094422,0.4812,1.294214653,,,
0.333333333,2.1654,1.098996098,1.822047102,0.7218,1.304772335,,,
0.444444444,2.1654,0.698108105,1.947512507,0.9624,1.256521078,,,
0.555555556,2.1654,-0.191385239,2.119219608,1.203,1.14946082,,,
0.666666667,2.1654,-1.5694863,2.519754115,1.4436,0.983591277,,,
0.777777778,2.1654,-3.436195658,3.280049499,1.6842,0.758912378,,,
0.888888889,2.1654,-5.791512697,4.423641843,1.9248,0.475424197,,,
1,2.1654,-8.635436228,5.923256436,2.1654,0.133126879,,,
0,2.2213,-0.629959235,0.876928548,0,1.096673641,,,
0.111111111,2.2213,0.3035127,1.226762207,0.246811111,1.209027203,,,
0.222222222,2.2213,0.760684864,1.533429972,0.493622222,1.264052876,,,
0.333333333,2.2213,0.741548563,1.711062861,0.740433333,1.261749613,,,
0.444444444,2.2213,0.246103244,1.813432646,0.987244444,1.202117347,,,
0.555555556,2.2213,-0.725651382,1.980643575,1.234055556,1.085156044,,,
0.666666667,2.2213,-2.173717615,2.398897065,1.480866667,0.910865426,,,
0.777777778,2.2213,-4.098096101,3.184666573,1.727677778,0.679245416,,,
0.888888889,2.2213,-6.498786306,4.344859929,1.974488889,0.390296079,,,
1,2.2213,-9.375787088,5.847146123,2.2213,0.044017551,,,
0,2.2772,-0.629959235,0.876928548,0,1.096673641,,,
0.111111111,2.2772,0.178520925,1.191967532,0.253022222,1.193983075,,,
0.222222222,2.2772,0.522393497,1.462282815,0.506044444,1.235371902,,,
0.333333333,2.2772,0.401650045,1.610356536,0.759066667,1.220839107,,,
0.444444444,2.2772,-0.183710267,1.69460371,1.012088889,1.150384587,,,
0.555555556,2.2772,-1.233687533,1.86359885,1.265111111,1.024008333,,,
0.666666667,2.2772,-2.74828398,2.304376043,1.518133333,0.841710076,,,
0.777777778,2.2772,-4.727500309,3.11601603,1.771155556,0.603489732,,,
0.888888889,2.2772,-7.171336065,4.290800501,2.024177778,0.309347355,,,
1,2.2772,-10.07979015,5.793762301,2.2772,-0.040716922,,,
0,2.3331,-0.629959235,0.876928548,0,1.096673641,,,
0.111111111,2.3331,0.059518642,1.159860741,0.259233333,1.179659848,,,
0.222222222,2.3331,0.295520824,1.397220652,0.518466667,1.208065293,,,
0.333333333,2.3331,0.078039144,1.519722584,0.7777,1.181888993,,,
0.444444444,2.3331,-0.592927512,1.591087018,1.036933333,1.101130814,,,
0.555555556,2.3331,-1.71737907,1.768167417,1.296166667,0.965790764,,,
0.666666667,2.3331,-3.295317671,2.235227772,1.5554,0.775868585,,,
0.777777778,2.3331,-5.326744067,3.071980914,1.814633333,0.531364188,,,
0.888888889,2.3331,-7.811657875,4.258950454,2.073866667,0.232277618,,,
1,2.3331,-10.75005805,5.760622078,2.3331,-0.121390998,,,
0,2.389,-0.629959235,0.876928548,0,1.096673641,,,
0.111111111,2.389,-0.053914592,1.130262319,0.265444444,1.166006917,,,
0.222222222,2.389,0.07926529,1.337988156,0.530888889,1.182036573,,,
0.333333333,2.389,-0.230427479,1.438997062,0.796333333,1.14476166,,,
0.444444444,2.389,-0.982994281,1.502960173,1.061777778,1.054182009,,,
0.555555556,2.389,-2.178434904,1.694205223,1.327222222,0.910297648,,,
0.666666667,2.389,-3.816751391,2.190050685,1.592666667,0.713108331,,,
0.777777778,2.389,-5.897944539,3.050220701,1.858111111,0.462613961,,,
0.888888889,2.389,-8.422014035,4.246812893,2.123555556,0.158814575,,,
1,2.389,-11.38895887,5.74537367,2.389,-0.198289704,,,
0,2.4449,-0.629959235,0.876928548,0,1.096673641,,,
0.111111111,2.4449,-0.162160767,1.103006637,0.271655556,1.152978305,,,
0.222222222,2.4449,-0.127101352,1.284350304,0.543311111,1.15719809,,,
0.333333333,2.4449,-0.524788596,1.368036348,0.814966667,1.109332078,,,
0.444444444,2.4449,-1.35522414,1.430242938,1.086622222,1.009380073,,,
0.555555556,2.4449,-2.618407657,1.641207056,1.358277778,0.857342113,,,
0.666666667,2.4449,-4.314341085,2.167005266,1.629933333,0.653217966,,,
0.777777778,2.4449,-6.443025263,3.048255578,1.901588889,0.397007531,,,
0.888888889,2.4449,-9.00445994,4.251961458,2.173244444,0.088710837,,,
1,2.4449,-11.99864416,5.745816018,2.4449,-0.271672,,,
0,2.5008,-0.629959235,0.876928548,0,1.096673641,,,
0.111111111,2.5008,-0.26556772,1.077940313,0.277866667,1.140532147,,,
0.222222222,2.5008,-0.324242237,1.236086231,0.555733333,1.133470027,,,
0.333333333,2.5008,-0.805990102,1.30669296,0.8336,1.075486399,,,
0.444444444,2.5008,-1.710813205,1.372813933,1.111466667,0.966581037,,,
0.555555556,2.5008,-3.03871113,1.608214261,1.389333333,0.806753991,,,
0.666666667,2.5008,-4.7896857,2.163888857,1.6672,0.59600504,,,
0.777777778,2.5008,-6.96373779,3.063565731,1.945066667,0.33433408,,,
0.888888889,2.5008,-9.560867211,4.272088848,2.222933333,0.021741133,,,
1,2.5008,-12.58107304,5.759913144,2.5008,-0.34177369,,,
0,2.5567,-0.629959235,0.876928548,0,1.096673641,,,
0.111111111,2.5567,-0.364452867,1.054920828,0.284077778,1.128630237,,,
0.222222222,2.5567,-0.512762503,1.19298348,0.568155556,1.11077955,,,
0.333333333,2.5567,-1.074895168,1.254789689,0.852233333,1.043120732,,,
0.444444444,2.5567,-2.050852986,1.330331769,1.136311111,0.925653528,,,
0.555555556,2.5567,-3.440635477,1.593797377,1.420388889,0.758377997,,,
0.666666667,2.5567,-5.244244342,2.178265915,1.704466667,0.541293933,,,
0.777777778,2.5567,-7.461680488,3.093687628,1.988544444,0.274401227,,,
0.888888889,2.5567,-10.09294378,4.30504483,2.272622222,-0.042300105,,,
1,2.5567,-13.13803335,5.785802508,2.5567,-0.408809958,,,
0,2.6126,-0.629959235,0.876928548,0,1.096673641,,,
0.111111111,2.6126,-0.459106458,1.033815349,0.290288889,1.117237642,,,
0.222222222,2.6126,-0.6932155,1.154832781,0.580577778,1.089060057,,,
0.333333333,2.6126,-1.332293088,1.212094383,0.870866667,1.012140076,,,
0.444444444,2.6126,-2.376341576,1.302179152,1.161155556,0.886477415,,,
0.555555556,2.6126,-3.825360434,1.596124412,1.451444444,0.712072138,,,
0.666666667,2.6126,-5.67935124,2.207620527,1.741733333,0.488924056,,,
0.777777778,2.6126,-7.938314928,3.136293709,2.032022222,0.217033056,,,
0.888888889,2.6126,-10.60225142,4.348861671,2.322311111,-0.103600853,,,
1,2.6126,-13.67115988,5.821797481,2.6126,-0.472977569,,,
0,2.6685,-0.629959235,0.876928548,0,1.096673641,,,
0.111111111,2.6685,-0.549794422,1.01449973,0.2965,1.106322353,,,
0.222222222,2.6685,-0.866108207,1.121423539,0.593,1.068250528,,,
0.333333333,2.6685,-1.578907022,1.178298624,0.8895,0.98245739,,,
0.444444444,2.6685,-2.688193435,1.287446871,1.186,0.848942631,,,
0.555555556,2.6685,-4.193966883,1.613096178,1.4825,0.667706318,,,
0.666666667,2.6685,-6.096228824,2.249497816,1.779,0.438748277,,,
0.777777778,2.6685,-8.394980211,3.189248523,2.0755,0.162068392,,,
0.888888889,2.6685,-11.09022101,4.401767239,2.372,-0.162333333,,,
1,2.6685,-14.18195044,5.866384672,2.6685,-0.534456803,,,
0,2.7244,-0.629959235,0.876928548,0,1.096673641,,,
0.111111111,2.7244,-0.636760863,0.996857678,0.302711111,1.09585499,,,
0.222222222,2.7244,-1.031905999,1.092540226,0.605422222,1.048294949,,,
0.333333333,2.7244,-1.815400776,1.153003791,0.908133333,0.953992779,,,
0.444444444,2.7244,-2.98724797,1.284964925,1.210844444,0.812948145,,,
0.555555556,2.7244,-4.547446999,1.642509599,1.513555556,0.625161118,,,
0.666666667,2.7244,-6.495999197,2.301611966,1.816266667,0.390631538,,,
0.777777778,2.7244,-8.832905535,3.250640544,2.118977778,0.109359287,,,
0.888888889,2.7244,-11.55816603,4.462187437,2.421688889,-0.218655637,,,
1,2.7244,-14.67177993,5.918217141,2.7244,-0.593413142,,,
0,2.7803,-0.629959235,0.876928548,0,1.096673641,,,
0.111111111,2.7803,-0.720230253,0.980780036,0.308922222,1.085808536,,,
0.222222222,2.7803,-1.191036818,1.067959842,0.617844444,1.029141813,,,
0.333333333,2.7803,-2.042384771,1.135717302,0.926766667,0.926672771,,,
0.444444444,2.7803,-3.27427708,1.293373784,1.235688889,0.778401051,,,
0.555555556,2.7803,-4.886713157,1.68220849,1.544611111,0.584326723,,,
0.666666667,2.7803,-6.879694217,2.361913109,1.853533333,0.344449643,,,
0.777777778,2.7803,-9.253221242,3.318793041,2.162455556,0.058769692,,,
0.888888889,2.7803,-12.00729429,4.528740421,2.471377778,-0.272713138,,,
1,2.7803,-15.14191265,5.976104619,2.7803,-0.64999876,,,
0,2.8362,-0.629959235,0.876928548,0,1.096673641,,,
0.111111111,2.8362,-0.800409366,0.966164189,0.315133333,1.076158102,,,
0.222222222,2.8362,-1.343894874,1.047450569,0.630266667,1.010743674,,,
0.333333333,2.8362,-2.260421303,1.125860098,0.9454,0.900429688,,,
0.444444444,2.8362,-3.549991811,1.311217292,1.260533333,0.745215766,,,
0.555555556,2.8362,-5.212605808,1.730195624,1.575666667,0.545101977,,,
0.666666667,2.8362,-7.248264396,2.428616639,1.8908,0.300088189,,,
0.777777778,2.8362,-9.656968561,3.392259272,2.205933333,0.010174284,,,
0.888888889,2.8362,-12.4387184,4.600225096,2.521066667,-0.324639751,,,
1,2.8362,-15.59351325,6.039001817,2.8362,-0.704353834,,,
0,2.8921,-0.629959235,0.876928548,0,1.096673641,,,
0.111111111,2.8921,-0.877488993,0.952913555,0.321344444,1.066880725,,,
0.222222222,2.8921,-1.490843893,1.030771664,0.642688889,0.993056751,,,
0.333333333,2.8921,-2.470029197,1.122784189,0.964033333,0.875201084,,,
0.444444444,2.8921,-3.815048232,1.337035449,1.285377778,0.713313325,,,
0.555555556,2.8921,-5.52590042,1.784698401,1.606722222,0.507393542,,,
0.666666667,2.8921,-7.602586753,2.500204173,1.928066667,0.257441616,,,
0.777777778,2.8921,-10.04510822,3.469807388,2.249411111,-0.036542571,,,
0.888888889,2.8921,-12.85346495,4.675606148,2.570755556,-0.374559037,,,
1,2.8921,-16.02765632,6.105995725,2.8921,-0.756607704,,,
0,2.948,-0.629959235,0.876928548,0,1.096673641,,,
0.111111111,2.948,-0.951645449,0.940937155,0.327555556,1.057955184,,,
0.222222222,2.948,-1.632220018,1.017674498,0.655111111,0.976040587,,,
0.333333333,2.948,-2.671687924,1.125797142,0.982666667,0.85092925,,,
0.444444444,2.948,-4.070052653,1.369440307,1.310222222,0.682620752,,,
0.555555556,2.948,-5.827313646,1.844194004,1.637777778,0.471115161,,,
0.666666667,2.948,-7.943471791,2.575406424,1.965333333,0.216412371,,,
0.777777778,2.948,-10.41852807,3.550399665,2.292888889,-0.081487737,,,
0.888888889,2.948,-13.25248266,4.753997419,2.620444444,-0.422585184,,,
1,2.948,-16.44533495,6.176292621,2.948,-0.806879897,,,
0,3.0039,-0.629959235,0.876928548,0,1.096673641,,,
0.111111111,3.0039,-1.023041929,0.930149247,0.333766667,1.049361837,,,
0.222222222,3.0039,-1.768334368,1.0079046,0.667533333,0.959657736,,,
0.333333333,3.0039,-2.865841265,1.134189331,1.0013,0.827560771,,,
0.444444444,3.0039,-4.315566251,1.407167161,1.335066667,0.653070504,,,
0.555555556,3.0039,-6.117508794,1.907405795,1.668833333,0.436187,,,
0.666666667,3.0039,-8.271669681,2.653176561,2.0026,0.176910164,,,
0.777777778,3.0039,-10.77804989,3.633169445,2.336366667,-0.124760122,,,
0.888888889,3.0039,-13.63664962,4.834644945,2.670133333,-0.468823882,,,
1,3.0039,-16.8474683,6.24920534,3.0039,-0.855281047,,,
0,3.0598,-0.629959235,0.876928548,0,1.096673641,,,
0.111111111,3.0598,-1.091829699,0.920469009,0.339977778,1.041082476,,,
0.222222222,3.0598,-1.899475329,1.001204427,0.679955556,0.943873486,,,
0.333333333,3.0598,-3.052900572,1.147259915,1.019933333,0.805046136,,,
0.444444444,3.0598,-4.552109195,1.449101213,1.359911111,0.624599972,,,
0.555555556,3.0598,-6.397100697,1.973282776,1.699888889,0.402535055,,,
0.666666667,3.0598,-8.587875773,2.732660177,2.039866667,0.1388513,,,
0.777777778,3.0598,-11.12443538,3.717398105,2.379844444,-0.166451407,,,
0.888888889,3.0598,-14.00677976,4.916910555,2.719822222,-0.513373095,,,
1,3.0598,-17.23490838,6.324141152,3.0598,-0.901913701,,,
0,3.1157,-0.629959235,0.876928548,0,1.096673641,,,
0.111111111,3.1157,-1.158149172,0.911820266,0.346188889,1.033100202,,,
0.222222222,3.1157,-2.025910587,0.997316578,0.692377778,0.928655619,,,
0.333333333,3.1157,-3.233247675,1.164338566,1.038566667,0.783339388,,,
0.444444444,3.1157,-4.780164322,1.494284628,1.384755556,0.597151042,,,
0.555555556,3.1157,-6.666660067,2.040971285,1.730944444,0.370090635,,,
0.666666667,3.1157,-8.892735516,2.813165668,2.077133333,0.102158094,,,
0.777777778,3.1157,-11.45839161,3.802493413,2.423322222,-0.206646694,,,
0.888888889,3.1157,-14.36362862,5.000256579,2.769511111,-0.55632376,,,
1,3.1157,-17.60844604,6.400590486,3.1157,-0.946873046,,,
0,3.1716,-0.629959235,0.876928548,0,1.096673641,,,
0.111111111,3.1716,-1.222130859,0.904131247,0.3524,1.025399305,,,
0.222222222,3.1716,-2.14788896,0.99598713,0.7048,0.913974187,,,
0.333333333,3.1716,-3.407237486,1.184801396,1.0572,0.762397811,,,
0.444444444,3.1716,-5.000180431,1.541910313,1.4096,0.570669695,,,
0.555555556,3.1716,-6.926717378,2.109784944,1.762,0.338789891,,,
0.666666667,3.1716,-9.186848853,2.894137064,2.1144,0.066758335,,,
0.777777778,3.1716,-11.78057577,3.887969995,2.4668,-0.245425083,,,
0.888888889,3.1716,-14.70789844,5.084231961,2.8192,-0.5977604,,,
1,3.1716,-17.96881637,6.478116625,3.1716,-0.990247559,,,
0,3.2275,-0.629959235,0.876928548,0,1.096673641,,,
0.111111111,3.2275,-1.283896233,0.897334365,0.358611111,1.017965167,,,
0.222222222,3.2275,-2.265642025,0.996968834,0.717222222,0.899801317,,,
0.333333333,3.2275,-3.575200327,1.208080858,1.075833333,0.742181645,,,
0.444444444,3.2275,-5.212575227,1.59130815,1.434444444,0.545105657,,,
0.555555556,3.2275,-7.177766356,2.179176242,1.793055556,0.308573399,,,
0.666666667,3.2275,-9.470774164,2.975130205,2.151666667,0.032584817,,,
0.777777778,3.2275,-12.09159954,3.973432159,2.510277778,-0.282860198,,,
0.888888889,3.2275,-15.04024282,5.168459877,2.868888889,-0.637761684,,,
1,3.2275,-18.31670355,6.556346408,3.2275,-1.032119588,,,
0,3.2834,-0.629959235,0.876928548,0,1.096673641,,,
0.111111111,3.2834,-1.34355849,0.891366017,0.364822222,1.010784161,,,
0.222222222,3.2834,-2.379385591,1.000023949,0.729644444,0.886111034,,,
0.333333333,3.2834,-3.737444026,1.23367032,1.094466667,0.72265384,,,
0.444444444,3.2834,-5.417737969,1.641927938,1.459288889,0.520412076,,,
0.555555556,3.2834,-7.420267102,2.24871134,1.824111111,0.279385781,,,
0.666666667,3.2834,-9.745031804,3.055792439,2.188933333,-0.000425091,,,
0.777777778,3.2834,-12.39203294,4.058559094,2.553755556,-0.319020645,,,
0.888888889,3.2834,-15.36127086,5.252626852,2.918577778,-0.676400922,,,
1,3.2834,-18.65274516,6.634961926,3.2834,-1.072565872,,,
0,3.3393,-0.629959235,0.876928548,0,1.096673641,,,
0.111111111,3.3393,-1.401223251,0.886166404,0.371033333,1.003843576,,,
0.222222222,3.3393,-2.489321014,1.00492657,0.742066667,0.872879103,,,
0.333333333,3.3393,-3.894255799,1.261124454,1.1131,0.703779827,,,
0.444444444,3.3393,-5.616031852,1.693321813,1.484133333,0.496545237,,,
0.555555556,3.3393,-7.654648909,2.318048607,1.855166667,0.251175366,,,
0.666666667,3.3393,-10.01010728,3.135845646,2.2262,-0.032329826,,,
0.777777778,3.3393,-12.68240781,4.143092277,2.597233333,-0.353970438,,,
0.888888889,3.3393,-15.67155087,5.336473299,2.968266667,-0.713746516,,,
1,3.3393,-18.97753607,6.713693184,3.3393,-1.111658013,,,
0,3.3952,-0.629959235,0.876928548,0,1.096673641,,,
0.111111111,3.3952,-1.456989177,0.881679351,0.377244444,0.997131537,,,
0.222222222,3.3952,-2.595636392,1.011464373,0.754488889,0.860082884,,,
0.333333333,3.3952,-4.045903947,1.290056691,1.131733333,0.685527313,,,
0.444444444,3.3952,-5.807796151,1.745127726,1.508977778,0.473464306,,,
0.555555556,3.3952,-7.881312797,2.386920765,1.886222222,0.223893886,,,
0.666666667,3.3952,-10.26645414,3.215072216,2.263466667,-0.063183976,,,
0.777777778,3.3952,-12.96322099,4.226824843,2.640711111,-0.387769377,,,
0.888888889,3.3952,-15.97161372,5.419785349,3.017955556,-0.749862364,,,
1,3.3952,-19.291632,6.792311636,3.3952,-1.149462895,,,
0,3.4511,-0.629959235,0.876928548,0,1.096673641,,,
0.111111111,3.4511,-1.51094854,0.877852142,0.383455556,0.990636937,,,
0.222222222,3.4511,-2.698507633,1.019439787,0.766911111,0.847701204,,,
0.333333333,3.4511,-4.192639386,1.320134853,1.150366667,0.667866097,,,
0.444444444,3.4511,-5.993348159,1.797054731,1.533822222,0.451131091,,,
0.555555556,3.4511,-8.100633806,2.455120278,1.917277778,0.197496203,,,
0.666666667,3.4511,-10.51449653,3.293303576,2.300733333,-0.093038591,,,
0.777777778,3.4511,-13.23493709,4.309592703,2.684188889,-0.420473383,,,
0.888888889,3.4511,-16.26195591,5.502387853,3.067644444,-0.784808223,,,
1,3.4511,-19.59555265,6.870624533,3.4511,-1.186043072,,,
0,3.507,-0.629959235,0.876928548,0,1.096673641,,,
0.111111111,3.507,-1.563187726,0.874635361,0.389666667,0.984349379,,,
0.222222222,3.507,-2.798099432,1.028670605,0.779333333,0.835714241,,,
0.333333333,3.507,-4.334697036,1.351075831,1.169,0.650767904,,,
0.444444444,3.507,-6.172984939,1.848870313,1.558666667,0.429509839,,,
0.555555556,3.507,-8.312963061,2.522487513,1.948333333,0.171940053,,,
0.666666667,3.507,-10.75463155,3.37041083,2.338,-0.121941469,,,
0.777777778,3.507,-13.49799113,4.39126712,2.727666667,-0.452134816,,,
0.888888889,3.507,-16.54304225,5.584138395,3.117333333,-0.81864004,,,
1,3.507,-19.8897846,6.94847,3.507,-1.221457106,,,
0,3.5629,-0.629959235,0.876928548,0,1.096673641,,,
0.111111111,3.5629,-1.613787702,0.871982733,0.395877778,0.978259118,,,
0.222222222,3.5629,-2.894566147,1.038990133,0.791755556,0.824103417,,,
0.333333333,3.5629,-4.472297073,1.382639956,1.187633333,0.634206234,,,
0.444444444,3.5629,-6.346984913,1.900389724,1.583511111,0.408567038,,,
0.555555556,3.5629,-8.518629653,2.588901205,1.979388889,0.147185828,,,
0.666666667,3.5629,-10.98723139,3.446297166,2.375266667,-0.149937405,,,
0.777777778,3.5629,-13.75279083,4.471748552,2.771144444,-0.482802748,,,
0.888888889,3.5629,-16.81530841,5.664922198,3.167022222,-0.851410252,,,
1,3.5629,-20.17478386,7.025712754,3.5629,-1.255759886,,,
0,3.6188,-0.629959235,0.876928548,0,1.096673641,,,
0.111111111,3.6188,-1.662824432,0.869850971,0.402088889,0.972357011,,,
0.222222222,3.6188,-2.988052597,1.050246942,0.804177778,0.812851299,,,
0.333333333,3.6188,-4.605646067,1.414625468,1.206266667,0.618156224,,,
0.444444444,3.6188,-6.515609296,1.951467123,1.608355556,0.388271248,,,
0.555555556,3.6188,-8.717942339,2.654270802,2.010444444,0.123196365,,,
0.666666667,3.6188,-11.21264525,3.520891693,2.412533333,-0.17706843,,,
0.777777778,3.6188,-13.99971869,4.550961531,2.814622222,-0.512523218,,,
0.888888889,3.6188,-17.07916312,5.744647801,3.216711111,-0.883168054,,,
1,3.6188,-20.4509783,7.102240398,3.6188,-1.289002909,,,
0,3.6747,-0.629959235,0.876928548,0,1.096673641,,,
0.111111111,3.6747,-1.710369255,0.868199629,0.4083,0.966634472,,,
0.222222222,3.6747,-3.078694792,1.062304325,0.8166,0.801941519,,,
0.333333333,3.6747,-4.734938022,1.446863345,1.2249,0.602594522,,,
0.444444444,3.6747,-6.679103412,2.001988305,1.6332,0.368592942,,,
0.555555556,3.6747,-8.911191088,2.718530327,2.0415,0.099936764,,,
0.666666667,3.6747,-11.43120106,3.594144448,2.4498,-0.203374014,,,
0.777777778,3.6747,-14.23913397,4.628850431,2.8581,-0.541339466,,,
0.888888889,3.6747,-17.33499026,5.823243388,3.2664,-0.91395965,,,
1,3.6747,-20.71876973,7.17796021,3.6747,-1.321234539,,,
0,3.7306,-0.629959235,0.876928548,0,1.096673641,,,
0.111111111,3.7306,-1.756489237,0.866990954,0.414511111,0.961083427,,,
0.222222222,3.7306,-3.166620588,1.075039535,0.829022222,0.791358688,,,
0.333333333,3.7306,-4.86035531,1.479212613,1.243533333,0.587499179,,,
0.444444444,3.7306,-6.837697879,2.051864747,1.658044444,0.349504362,,,
0.555555556,3.7306,-9.09864849,2.781633467,2.072555556,0.077374214,,,
0.666666667,3.7306,-11.64320712,3.666022344,2.487066667,-0.228891263,,,
0.777777778,3.7306,-14.47137436,4.705375949,2.901577778,-0.569292139,,,
0.888888889,3.7306,-17.58315068,5.900653677,3.316088889,-0.943828472,,,
1,3.7306,-20.9785359,7.252796372,3.7306,-1.352500239,,,
0,3.7865,-0.629959235,0.876928548,0,1.096673641,,,
0.111111111,3.7865,-1.801247482,0.866189743,0.420722222,0.955696282,,,
0.222222222,3.7865,-3.251950291,1.088342884,0.841444444,0.781088324,,,
0.333333333,3.7865,-4.982069538,1.511556185,1.262166667,0.57284954,,,
0.444444444,3.7865,-6.991609697,2.101028766,1.682888889,0.330979391,,,
0.555555556,3.7865,-9.280571037,2.843549623,2.103611111,0.055477845,,,
0.666666667,3.7865,-11.8489535,3.736505884,2.524333333,-0.253655091,,,
0.777777778,3.7865,-14.69675764,4.7805122,2.945055556,-0.596419483,,,
0.888888889,3.7865,-17.82398393,5.976837293,3.365777778,-0.97281539,,,
1,3.7865,-21.23063222,7.326687577,3.7865,-1.382842791,,,
0,3.8424,-0.629959235,0.876928548,0,1.096673641,,,
0.111111111,3.8424,-1.844703424,0.865763202,0.426933333,0.950465884,,,
0.222222222,3.8424,-3.334797207,1.102116767,0.853866667,0.771116791,,,
0.333333333,3.8424,-5.100242324,1.543797235,1.2808,0.558626152,,,
0.444444444,3.8424,-7.141043238,2.149429585,1.707733333,0.312993429,,,
0.555555556,3.8424,-9.457200295,2.904260749,2.134666667,0.034218581,,,
0.666666667,3.8424,-12.0487134,3.805586493,2.5616,-0.277698381,,,
0.777777778,3.8424,-14.91558308,4.854244299,2.988533333,-0.62275752,,,
0.888888889,3.8424,-18.05780981,6.05176453,3.415466667,-1.000958893,,,
1,3.8424,-21.47539346,7.399584964,3.8424,-1.412302485,,,
0,3.8983,-0.629959235,0.876928548,0,1.096673641,,,
0.111111111,3.8983,-1.886913085,0.865680811,0.433144444,0.94538549,,,
0.222222222,3.8983,-3.415268141,1.116274647,0.866288889,0.761431234,,,
0.333333333,3.8983,-5.215026015,1.575856069,1.299433333,0.544810678,,,
0.444444444,3.8983,-7.286191153,2.197030131,1.732577778,0.295523289,,,
0.555555556,3.8983,-9.628763975,2.963758802,2.165722222,0.013569014,,,
0.666666667,3.8983,-12.24274436,3.873264347,2.598866667,-0.301052131,,,
0.777777778,3.8983,-15.12813279,4.926566364,3.032011111,-0.648340204,,,
0.888888889,3.8983,-18.28492976,6.125415472,3.465155556,-1.028295265,,,
1,3.8983,-21.71313516,7.471450334,3.8983,-1.440917299,,,
0,3.9542,-0.629959235,0.876928548,0,1.096673641,,,
0.111111111,3.9542,-1.927929321,0.865914191,0.439355556,0.940448737,,,
0.222222222,3.9542,-3.493463861,1.130740051,0.878711111,0.752019523,,,
0.333333333,3.9542,-5.326564346,1.607667439,1.318066667,0.53138582,,,
0.444444444,3.9542,-7.427235196,2.243804441,1.757422222,0.278547095,,,
0.555555556,3.9542,-9.795476911,3.022043697,2.196777778,-0.006496712,,,
0.666666667,3.9542,-12.43128934,3.939546607,2.636133333,-0.323745582,,,
0.777777778,3.9542,-15.33467294,4.997479859,3.075488889,-0.67319957,,,
0.888888889,3.9542,-18.50562819,6.197778396,3.514844444,-1.054858735,,,
1,3.9542,-21.94415501,7.542254623,3.9542,-1.468723066,,,
0,4.0101,-0.629959235,0.876928548,0,1.096673641,,,
0.111111111,4.0101,-1.96780204,0.866436977,0.445566667,0.935649619,,,
0.222222222,4.0101,-3.569479516,1.145445602,0.891133333,0.742870207,,,
0.333333333,4.0101,-5.434993035,1.63917827,1.3367,0.51833524,,,
0.444444444,4.0101,-7.564346991,2.289735547,1.782266667,0.26204419,,,
0.555555556,4.0101,-9.957541959,3.07912165,2.227833333,-0.026003014,,,
0.666666667,4.0101,-12.61457777,4.004445973,2.6734,-0.34580635,,,
0.777777778,4.0101,-15.53545483,5.066992209,3.118966667,-0.697365868,,,
0.888888889,4.0101,-18.72017364,6.268848411,3.564533333,-1.080681628,,,
1,4.0101,-22.16873412,7.61197657,4.0101,-1.49575362,,,
0,4.066,-0.629959235,0.876928548,0,1.096673641,,,
0.111111111,4.066,-2.006578407,0.867224694,0.451777778,0.930982459,,,
0.222222222,4.066,-3.643405019,1.160332094,0.903555556,0.733972464,,,
0.333333333,4.066,-5.540440337,1.670345726,1.355333333,0.505643504,,,
0.444444444,4.066,-7.697688719,2.334813756,1.807111111,0.245995054,,,
0.555555556,4.066,-10.11515082,3.135003841,2.258888889,-0.044972965,,,
0.666666667,4.066,-12.79282644,4.067979517,2.710666667,-0.367260528,,,
0.777777778,4.066,-15.73071596,5.13511566,3.162444444,-0.720867682,,,
0.888888889,4.066,-18.92881988,6.338626324,3.614222222,-1.105794486,,,
1,4.066,-22.38713814,7.680601581,4.066,-1.522040934,,,
0,4.1219,-0.629959235,0.876928548,0,1.096673641,,,
0.111111111,4.1219,-2.044303026,0.868254637,0.457988889,0.926441888,,,
0.222222222,4.1219,-3.71532541,1.175347636,0.915977778,0.725316058,,,
0.333333333,4.1219,-5.643027551,1.701135576,1.373966667,0.49329601,,,
0.444444444,4.1219,-7.827413767,2.37903525,1.831955556,0.230381224,,,
0.555555556,4.1219,-10.26848479,3.189705332,2.289944444,-0.063428386,,,
0.666666667,4.1219,-12.9662404,4.130167718,2.747933333,-0.388132796,,,
0.777777778,4.1219,-15.92068095,5.201866326,3.205922222,-0.743732047,,,
0.888888889,4.1219,-19.13180693,6.407117661,3.663911111,-1.130226199,,,
1,4.1219,-22.5996183,7.748120745,4.1219,-1.547615247,,,
0,4.1778,-0.629959235,0.876928548,0,1.096673641,,,
0.111111111,4.1778,-2.081018116,0.86950576,0.4642,0.922022825,,,
0.222222222,4.1778,-3.785321175,1.190446852,0.9284,0.716891301,,,
0.333333333,4.1778,-5.742869483,1.731520819,1.3926,0.481278941,,,
0.444444444,4.1778,-7.95366731,2.422400938,1.8568,0.215185229,,,
0.555555556,4.1778,-10.41771547,3.243244191,2.321,-0.081389931,,,
0.666666667,4.1778,-13.13501372,4.191033678,2.7852,-0.408446512,,,
0.777777778,4.1778,-16.10556238,5.267263402,3.2494,-0.765984551,,,
0.888888889,4.1778,-19.32936194,6.474331847,3.7136,-1.154004107,,,
1,4.1778,-22.80641239,7.814529982,4.1778,-1.572505179,,,
0,4.2337,-0.629959235,0.876928548,0,1.096673641,,,
0.111111111,4.2337,-2.116763664,0.870958565,0.470411111,0.917720457,,,
0.222222222,4.2337,-3.85346855,1.205590165,0.940822222,0.708689019,,,
0.333333333,4.2337,-5.840074874,1.761480522,1.411233333,0.469579208,,,
0.444444444,4.2337,-8.076586858,2.464915526,1.881644444,0.200390516,,,
0.555555556,4.2337,-10.56300539,3.295640781,2.352055556,-0.098877163,,,
0.666666667,4.2337,-13.29933022,4.250602482,2.822466667,-0.428223801,,,
0.777777778,4.2337,-16.28556162,5.331328498,3.292877778,-0.787649429,,,
0.888888889,4.2337,-19.5217001,6.540281511,3.763288889,-1.177154108,,,
1,4.2337,-23.00774564,7.879829316,4.2337,-1.596737838,,,
0,4.2896,-0.629959235,0.876928548,0,1.096673641,,,
0.111111111,4.2896,-2.151577574,0.872595001,0.476622222,0.913530222,,,
0.222222222,4.2896,-3.919839798,1.220743137,0.953244444,0.700700513,,,
0.333333333,4.2896,-5.934746799,1.790998843,1.429866667,0.458184406,,,
0.444444444,4.2896,-8.196302752,2.506586745,1.906488889,0.185981398,,,
0.555555556,4.2896,-10.70450862,3.346917183,2.383111111,-0.115908625,,,
0.666666667,4.2896,-13.45936413,4.308900672,2.859733333,-0.447485634,,,
0.777777778,4.2896,-16.46086954,5.3940851,3.336355556,-0.808749656,,,
0.888888889,4.2896,-19.70902534,6.604981893,3.812977778,-1.199700751,,,
1,4.2896,-23.20383154,7.94402224,4.2896,-1.620338922,,,
0,4.3455,-0.629959235,0.876928548,0,1.096673641,,,
0.111111111,4.3455,-2.1854958,0.874398366,0.482833333,0.909447792,,,
0.222222222,4.3455,-3.98450346,1.235875876,0.965666667,0.692917534,,,
0.333333333,4.3455,-6.026983029,1.820064208,1.4485,0.447082766,,,
0.444444444,4.3455,-8.312938626,2.54742473,1.931333333,0.171942994,,,
0.555555556,4.3455,-10.84237128,3.397096726,2.414166667,-0.132501906,,,
0.666666667,4.3455,-13.61528073,4.365955824,2.897,-0.466251903,,,
0.777777778,4.3455,-16.63166718,5.455558112,3.379833333,-0.829307021,,,
0.888888889,4.3455,-19.89153112,6.668450345,3.862666667,-1.221667319,,,
1,4.3455,-23.39487258,8.007115174,4.3455,-1.643332802,,,
0,4.4014,-0.629959235,0.876928548,0,1.096673641,,,
0.111111111,4.4014,-2.218552469,0.876353211,0.489044444,0.905469061,,,
0.222222222,4.4014,-4.0475246,1.250962511,0.978088889,0.68533225,,,
0.333333333,4.4014,-6.116876367,1.848668614,1.467133333,0.436263119,,,
0.444444444,4.4014,-8.426611832,2.587441496,1.956177778,0.15826118,,,
0.555555556,4.4014,-10.9767321,3.44620361,2.445222222,-0.148673701,,,
0.666666667,4.4014,-13.76723689,4.421796194,2.934266667,-0.48454149,,,
0.777777778,4.4014,-16.7981264,5.515773479,3.423311111,-0.849342209,,,
0.888888889,4.4014,-20.06940107,6.730705904,3.912355556,-1.243075915,,,
1,4.4014,-23.581061,8.069116994,4.4014,-1.665742615,,,
0,4.4573,-0.629959235,0.876928548,0,1.096673641,,,
0.111111111,4.4573,-2.250779995,0.878445257,0.495255556,0.901590125,,,
0.222222222,4.4573,-4.108965015,1.265980713,0.990511111,0.677937223,,,
0.333333333,4.4573,-6.204514961,1.876807049,1.485766667,0.425714855,,,
0.444444444,4.4573,-8.537433839,2.626650525,1.981022222,0.144922539,,,
0.555555556,4.4573,-11.10772282,3.494262595,2.476277778,-0.164439868,,,
0.666666667,4.4573,-13.91538163,4.476450433,2.971533333,-0.502372329,,,
0.777777778,4.4573,-16.9604104,5.574757873,3.466788889,-0.868874865,,,
0.888888889,4.4573,-20.24280962,6.791768936,3.962044444,-1.263947531,,,
1,4.4573,-23.76257935,8.130038626,4.4573,-1.687590336,,,
0,4.5132,-0.629959235,0.876928548,0,1.096673641,,,
0.111111111,4.5132,-2.282209189,0.880661312,0.501466667,0.897807278,,,
0.222222222,4.5132,-4.168883441,1.280911284,1.002933333,0.670725385,,,
0.333333333,4.5132,-6.289982592,1.904476997,1.5044,0.415427891,,,
0.444444444,4.5132,-8.645510588,2.66506641,2.005866667,0.131914319,,,
0.555555556,4.5132,-11.23546867,3.541298754,2.507333333,-0.179815478,,,
0.666666667,4.5132,-14.05985655,4.529947361,3.0088,-0.519761468,,,
0.777777778,4.5132,-17.11867435,5.632538437,3.510266667,-0.887923663,,,
0.888888889,4.5132,-20.41192253,6.85166083,4.011733333,-1.28430212,,,
1,4.5132,-23.93960118,8.189892698,4.5132,-1.70889685,,,
0,4.5691,-0.629959235,0.876928548,0,1.096673641,,,
0.111111111,4.5691,-2.31286935,0.882989189,0.507677778,0.894116992,,,
0.222222222,4.5691,-4.22733574,1.295737772,1.015355556,0.663690011,,,
0.333333333,4.5691,-6.373358942,1.93167802,1.523033333,0.405392635,,,
0.444444444,4.5691,-8.750942841,2.702704574,2.030711111,0.119224394,,,
0.555555556,4.5691,-11.36008875,3.587337272,2.538388889,-0.194814868,,,
0.666666667,4.5691,-14.20079636,4.582315776,3.046066667,-0.536725116,,,
0.777777778,4.5691,-17.27306579,5.689142564,3.553744444,-0.906506362,,,
0.888888889,4.5691,-20.57689746,6.910403739,4.061422222,-1.304158659,,,
1,4.5691,-24.11229151,8.248693237,4.5691,-1.729682021,,,
0,4.625,-0.629959235,0.876928548,0,1.096673641,,,
0.111111111,4.625,-2.342788364,0.885417641,0.513888889,0.890515911,,,
0.222222222,4.625,-4.284375072,1.310446151,1.027777778,0.656824704,,,
0.333333333,4.625,-6.454719837,1.958411407,1.541666667,0.39559996,,,
0.444444444,4.625,-8.853826484,2.739581037,2.055555556,0.106841222,,,
0.555555556,4.625,-11.48169638,3.632403281,2.569444444,-0.209451678,,,
0.666666667,4.625,-14.33832924,4.633584304,3.083333333,-0.553278703,,,
0.777777778,4.625,-17.42372512,5.744597728,3.597222222,-0.924639862,,,
0.888888889,4.625,-20.73788447,6.968020369,4.111111111,-1.323535206,,,
1,4.625,-24.28080741,8.306455411,4.625,-1.749964753,,,
0,4.6809,-0.629959235,0.876928548,0,1.096673641,,,
0.111111111,4.6809,-2.371992783,0.887936287,0.5201,0.88700084,,,
0.222222222,4.6809,-4.34005206,1.325024522,1.0402,0.650123369,,,
0.333333333,4.6809,-6.534137486,1.98467988,1.5603,0.386041177,,,
0.444444444,4.6809,-8.954252826,2.775712217,2.0804,0.094753812,,,
0.555555556,4.6809,-11.60039951,3.676521735,2.6005,-0.223738898,,,
0.666666667,4.6809,-14.47257724,4.683781279,3.1206,-0.569436919,,,
0.777777778,4.6809,-17.57078607,5.798931334,3.6407,-0.942340256,,,
0.888888889,4.6809,-20.89502641,7.024533788,4.1608,-1.342448959,,,
1,4.6809,-24.44529842,8.363195301,4.6809,-1.769763047,,,
0,4.7368,-0.629959235,0.876928548,0,1.096673641,,,
0.111111111,4.7368,-2.400507907,0.89053555,0.526311111,0.883568732,,,
0.222222222,4.7368,-4.394414934,1.339462857,1.052622222,0.643580202,,,
0.333333333,4.7368,-6.611680686,2.010487337,1.578933333,0.376708005,,,
0.444444444,4.7368,-9.052308863,2.811114781,2.105244444,0.082951695,,,
0.555555556,4.7368,-11.71630095,3.719717302,2.631555556,-0.237688906,,,
0.666666667,4.7368,-14.60365666,4.732934645,3.157866667,-0.585213762,,,
0.777777778,4.7368,-17.71437602,5.852170599,3.684177778,-0.959622878,,,
0.888888889,4.7368,-21.04845943,7.079967275,4.210488889,-1.360916302,,,
1,4.7368,-24.60590705,8.418929714,4.7368,-1.789094053,,,
0,4.7927,-0.629959235,0.876928548,0,1.096673641,,,
0.111111111,4.7927,-2.428357854,0.893206601,0.532522222,0.880216687,,,
0.222222222,4.7927,-4.447509678,1.353752774,1.065044444,0.637189669,,,
0.333333333,4.7927,-6.687415025,2.035838644,1.597566667,0.367592548,,,
0.444444444,4.7927,-9.148077535,2.845805507,2.130088889,0.071424888,,,
0.555555556,4.7927,-11.82949875,3.76201429,2.662611111,-0.251313499,,,
0.666666667,4.7927,-14.73167838,4.781071886,3.195133333,-0.600622577,,,
0.777777778,4.7927,-17.85461643,5.904342459,3.727655556,-0.976502346,,,
0.888888889,4.7927,-21.19831329,7.134344192,4.260177778,-1.378952854,,,
1,4.7927,-24.76276914,8.47367601,4.7927,-1.807974122,,,
0,4.8486,-0.629959235,0.876928548,0,1.096673641,,,
0.111111111,4.8486,-2.455565631,0.895941299,0.538733333,0.876941933,,,
0.222222222,4.8486,-4.499380152,1.367887328,1.077466667,0.630946489,,,
0.333333333,4.8486,-6.761403067,2.060739454,1.6162,0.358687278,,,
0.444444444,4.8486,-9.241637955,2.879801188,2.154933333,0.060163867,,,
0.555555556,4.8486,-11.94008641,3.803436576,2.693666667,-0.264623934,,,
0.666666667,4.8486,-14.85674815,4.828219958,3.2324,-0.615676092,,,
0.777777778,4.8486,-17.99162315,5.95547349,3.771133333,-0.992992604,,,
0.888888889,4.8486,-21.3447118,7.187687874,4.309866667,-1.396573516,,,
1,4.8486,-24.91601428,8.527451965,4.8486,-1.826418851,,,
0,4.9045,-0.629959235,0.876928548,0,1.096673641,,,
0.111111111,4.9045,-2.482153197,0.898732143,0.544944444,0.873741828,,,
0.222222222,4.9045,-4.550068217,1.381860844,1.089888889,0.624845626,,,
0.333333333,4.9045,-6.833704523,2.085196052,1.634833333,0.349985006,,,
0.444444444,4.9045,-9.33306563,2.913118537,2.179777778,0.049159546,,,
0.555555556,4.9045,-12.04815318,3.844007563,2.724722222,-0.277630953,,,
0.666666667,4.9045,-14.9789669,4.874405255,3.269666667,-0.630386457,,,
0.777777778,4.9045,-18.12550675,6.005589845,3.814611111,-1.009106961,,,
0.888888889,4.9045,-21.48777309,7.240021539,4.359555556,-1.413792509,,,
1,4.9045,-25.06576613,8.580275646,4.9045,-1.844443126,,,
0,4.9604,-0.629959235,0.876928548,0,1.096673641,,,
0.111111111,4.9604,-2.508141518,0.901572223,0.551155556,0.870613849,,,
0.222222222,4.9604,-4.599613849,1.395668755,1.102311111,0.618882267,,,
0.333333333,4.9604,-6.904376413,2.109215229,1.653466667,0.341478871,,,
0.444444444,4.9604,-9.422432664,2.945774127,2.204622222,0.038403246,,,
0.555555556,4.9604,-12.15378429,3.883750142,2.755777778,-0.290344813,,,
0.666666667,4.9604,-15.09843103,4.919653568,3.306933333,-0.644765272,,,
0.777777778,4.9604,-18.25637282,6.054717204,3.858088889,-1.024858124,,,
0.888888889,4.9604,-21.62761,7.29136821,4.409244444,-1.430623411,,,
1,4.9604,-25.2121428,8.632165305,4.9604,-1.86206116,,,
0,5.0163,-0.629959235,0.876928548,0,1.096673641,,,
0.111111111,5.0163,-2.533550629,0.904455178,0.557366667,0.867555585,,,
0.222222222,5.0163,-4.64805524,1.409307462,1.114733333,0.613051816,,,
0.333333333,5.0163,-6.973473214,2.132804172,1.6721,0.333162315,,,
0.444444444,5.0163,-9.509807945,2.977784329,2.229466667,0.027886674,,,
0.555555556,5.0163,-12.25706117,3.922686665,2.786833333,-0.302775315,,,
0.666666667,5.0163,-15.21523262,4.963990068,3.3442,-0.658823621,,,
0.777777778,5.0163,-18.38432223,6.102880739,3.901566667,-1.040258235,,,
0.888888889,5.0163,-21.76433032,7.341750661,4.458933333,-1.447079198,,,
1,5.0163,-25.35525713,8.683139291,5.0163,-1.879286535,,,
0,5.0722,-0.629959235,0.876928548,0,1.096673641,,,
0.111111111,5.0722,-2.558399679,0.90737515,0.563577778,0.86456473,,,
0.222222222,5.0722,-4.695428899,1.422774221,1.127155556,0.607349877,,,
0.333333333,5.0722,-7.041047004,2.15597037,1.690733333,0.32502907,,,
0.444444444,5.0722,-9.595257326,3.009165271,2.254311111,0.017601906,,,
0.555555556,5.0722,-12.35806164,3.960838928,2.817888889,-0.314931827,,,
0.666666667,5.0722,-15.3294597,5.007439284,3.381466667,-0.672572101,,,
0.777777778,5.0722,-18.50945141,6.150105086,3.945044444,-1.055318902,,,
0.888888889,5.0722,-21.89803709,7.391191356,4.508622222,-1.463172271,,,
1,5.0722,-25.49521698,8.733215974,5.0722,-1.896132234,,,
0,5.1281,-0.629959235,0.876928548,0,1.096673641,,,
0.111111111,5.1281,-2.582706984,0.91032675,0.569788889,0.86163908,,,
0.222222222,5.1281,-4.741769743,1.436067029,1.139577778,0.60177225,,,
0.333333333,5.1281,-7.107147587,2.178721537,1.709366667,0.317073141,,,
0.444444444,5.1281,-9.678843788,3.039932801,2.279155556,0.007541361,,,
0.555555556,5.1281,-12.45686016,3.99822816,2.848944444,-0.32682331,,,
0.666666667,5.1281,-15.44119647,5.050025102,3.418733333,-0.686020843,,,
0.777777778,5.1281,-18.6318526,6.19641432,3.988522222,-1.070051225,,,
0.888888889,5.1281,-22.02882886,7.439712416,4.558311111,-1.478914492,,,
1,5.1281,-25.63212549,8.782413677,5.1281,-1.912610673,,,
0,5.184,-0.629959235,0.876928548,0,1.096673641,,,
0.111111111,5.184,-2.606490069,0.913305022,0.576,0.858776525,,,
0.222222222,5.184,-4.787111184,1.449184532,1.152,0.596314911,,,
0.333333333,5.184,-7.171822622,2.201065545,1.728,0.309288793,,,
0.444444444,5.184,-9.760627596,3.070102464,2.304,-0.002302216,,,
0.555555556,5.184,-12.55352796,4.034875014,2.88,-0.338458337,,,
0.666666667,5.184,-15.55052349,5.091770752,3.456,-0.699179546,,,
0.777777778,5.184,-18.75161405,6.241831943,4.032,-1.084465825,,,
0.888888889,5.184,-22.15679994,7.487335583,4.608,-1.49431721,,,
1,5.184,-25.7660814,8.830750623,5.184,-1.928733731,,,
0,5.2399,-0.629959235,0.876928548,0,1.096673641,,,
0.111111111,5.2399,-2.629765711,0.916305409,0.582211111,0.855975047,,,
0.222222222,5.2399,-4.831485206,1.462125943,1.164422222,0.590974012,,,
0.333333333,5.2399,-7.235117732,2.22301037,1.746633333,0.301670534,,,
0.444444444,5.2399,-9.840666443,3.099689479,2.328844444,-0.011935767,,,
0.555555556,5.2399,-12.64813322,4.070799569,2.911055556,-0.349845117,,,
0.666666667,5.2399,-15.65751787,5.132698818,3.493266667,-0.712057491,,,
0.777777778,5.2399,-18.86882023,6.286380876,4.075477778,-1.098572872,,,
0.888888889,5.2399,-22.28204058,7.534082194,4.657688889,-1.509391293,,,
1,5.2399,-25.89717918,8.878244889,5.2399,-1.944512784,,,
0,5.2958,-0.629959235,0.876928548,0,1.096673641,,,
0.111111111,5.2958,-2.65254998,0.919323722,0.588422222,0.853232711,,,
0.222222222,5.2958,-4.874922445,1.474890969,1.176844444,0.585745865,,,
0.333333333,5.2958,-7.297076615,2.244564043,1.765266667,0.294213104,,,
0.444444444,5.2958,-9.919015585,3.128708722,2.353688889,-0.021365943,,,
0.555555556,5.2958,-12.74074127,4.106021331,2.942111111,-0.360991509,,,
0.666666667,5.2958,-15.76225349,5.172831236,3.530533333,-0.724663569,,,
0.777777778,5.2958,-18.98355206,6.330083453,4.118955556,-1.112382103,,,
0.888888889,5.2958,-22.40463726,7.57997316,4.707377778,-1.524147145,,,
1,5.2958,-26.02550935,8.924914363,5.2958,-1.959958724,,,
0,5.3517,-0.629959235,0.876928548,0,1.096673641,,,
0.111111111,5.3517,-2.674858272,0.922356116,0.594633333,0.850547664,,,
0.222222222,5.3517,-4.917452255,1.487479746,1.189266667,0.580626937,,,
0.333333333,5.3517,-7.357741142,2.265734611,1.7839,0.286911465,,,
0.444444444,5.3517,-9.995727971,3.15717472,2.378533333,-0.030599118,,,
0.555555556,5.3517,-12.83141469,4.140559238,2.973166667,-0.371905046,,,
0.666666667,5.3517,-15.86480112,5.212189302,3.5678,-0.737006298,,,
0.777777778,5.3517,-19.09588708,6.37296142,4.162433333,-1.125902852,,,
0.888888889,5.3517,-22.52467283,7.625028953,4.757066667,-1.538594739,,,
1,5.3517,-26.15115863,8.970776715,5.3517,-1.97508199,,,
0,5.4076,-0.629959235,0.876928548,0,1.096673641,,,
0.111111111,5.4076,-2.696705349,0.92539906,0.600844444,0.847918129,,,
0.222222222,5.4076,-4.959102777,1.499892779,1.201688889,0.575613841,,,
0.333333333,5.4076,-7.417151454,2.286530104,1.802533333,0.279760783,,,
0.444444444,5.4076,-10.07085436,3.185101642,2.403377778,-0.039641401,,,
0.555555556,5.4076,-12.92021347,4.174431666,3.004222222,-0.382592951,,,
0.666666667,5.4076,-15.96522862,5.250793685,3.605066667,-0.749093847,,,
0.777777778,5.4076,-19.20589962,6.415035939,4.205911111,-1.139144066,,,
0.888888889,5.4076,-22.64222672,7.669269598,4.806755556,-1.552743636,,,
1,5.4076,-26.27421016,9.015849371,5.4076,-1.989892589,,,
0,5.4635,-0.629959235,0.876928548,0,1.096673641,,,
0.111111111,5.4635,-2.718105368,0.928449312,0.607055556,0.845342402,,,
0.222222222,5.4635,-4.999901002,1.512130899,1.214111111,0.570703328,,,
0.333333333,5.4635,-7.475346048,2.306958508,1.821166667,0.272756427,,,
0.444444444,5.4635,-10.14444343,3.212503296,2.428222222,-0.048498652,,,
0.555555556,5.4635,-13.00719515,4.20765644,3.035277778,-0.393062149,,,
0.666666667,5.4635,-16.06360107,5.288664432,3.642333333,-0.760934048,,,
0.777777778,5.4635,-19.31366097,6.456327592,4.249388889,-1.152114323,,,
0.888888889,5.4635,-22.75737509,7.712714657,4.856444444,-1.566603002,,,
1,5.4635,-26.39474369,9.060149487,5.4635,-2.004400118,,,
0,5.5194,-0.629959235,0.876928548,0,1.096673641,,,
0.111111111,5.5194,-2.739071912,0.931503904,0.613266667,0.842818849,,,
0.222222222,5.5194,-5.039872825,1.524195213,1.226533333,0.565892281,,,
0.333333333,5.5194,-7.532361863,2.327027741,1.8398,0.26589395,,,
0.444444444,5.5194,-10.2165419,3.239393126,2.453066667,-0.057176491,,,
0.555555556,5.5194,-13.09241495,4.240250844,3.066333333,-0.403319284,,,
0.666666667,5.5194,-16.1599809,5.325820988,3.6796,-0.772534415,,,
0.777777778,5.5194,-19.41923952,6.496856384,4.292866667,-1.164821857,,,
0.888888889,5.5194,-22.87019103,7.755383234,4.906133333,-1.580181636,,,
1,5.5194,-26.51283571,9.103693931,5.5194,-2.018613784,,,
0,5.5753,-0.629959235,0.876928548,0,1.096673641,,,
0.111111111,5.5753,-2.759618019,0.934560112,0.619477778,0.840345901,,,
0.222222222,5.5753,-5.079043103,1.536087065,1.238955556,0.56117771,,,
0.333333333,5.5753,-7.588234355,2.346745633,1.858433333,0.259169084,,,
0.444444444,5.5753,-10.28719459,3.265784215,2.477911111,-0.065680316,,,
0.555555556,5.5753,-13.17592586,4.272231633,3.097388889,-0.413370736,,,
0.666666667,5.5753,-16.25442806,5.362282201,3.716866667,-0.783902164,,,
0.777777778,5.5753,-19.52270094,6.53664176,4.336344444,-1.177274571,,,
0.888888889,5.5753,-22.98074471,7.797293972,4.955822222,-1.593487981,,,
1,5.5753,-26.62855966,9.146499275,5.5753,-2.032542428,,,
0,5.6312,-0.629959235,0.876928548,0,1.096673641,,,
0.111111111,5.6312,-2.77975621,0.937615445,0.625688889,0.837922049,,,
0.222222222,5.6312,-5.117435706,1.547808006,1.251377778,0.55655674,,,
0.333333333,5.6312,-7.642997573,2.366119915,1.877066667,0.252577731,,,
0.444444444,5.6312,-10.35644458,3.291689288,2.502755556,-0.074015309,,,
0.555555556,5.6312,-13.25777877,4.303615045,3.128444444,-0.42322263,,,
0.666666667,5.6312,-16.34700009,5.398066345,3.754133333,-0.795044221,,,
0.777777778,5.6312,-19.62410826,6.575702607,4.379822222,-1.189480052,,,
0.888888889,5.6312,-23.0891035,7.838465048,5.005511111,-1.606530147,,,
1,5.6312,-26.74198607,9.188581776,5.6312,-2.046194538,,,
0,5.6871,-0.629959235,0.876928548,0,1.096673641,,,
0.111111111,5.6871,-2.799498514,0.940667621,0.6319,0.835545847,,,
0.222222222,5.6871,-5.155073568,1.55935976,1.2638,0.552026611,,,
0.333333333,5.6871,-7.696684227,2.385158199,1.8957,0.246115955,,,
0.444444444,5.6871,-10.42433321,3.317120715,2.5276,-0.082186449,,,
0.555555556,5.6871,-13.33802258,4.334416814,3.1595,-0.43288085,,,
0.666666667,5.6871,-16.43775229,5.433191129,3.7914,-0.805967242,,,
0.777777778,5.6871,-19.72352207,6.614057269,4.4233,-1.201445592,,,
0.888888889,5.6871,-23.19533211,7.878914184,5.0552,-1.619315923,,,
1,5.6871,-26.85318268,9.229957373,5.6871,-2.059578267,,,
0,5.743,-0.629959235,0.876928548,0,1.096673641,,,
0.111111111,5.743,-2.818856492,0.943714558,0.638111111,0.833215902,,,
0.222222222,5.743,-5.191978726,1.570744197,1.276222222,0.547584672,,,
0.333333333,5.743,-7.749325753,2.403867974,1.914333333,0.239779971,,,
0.444444444,5.743,-10.49090024,3.342090514,2.552444444,-0.090198519,,,
0.555555556,5.743,-13.41670426,4.364652186,3.190555556,-0.442351052,,,
0.666666667,5.743,-16.5267378,5.467673712,3.828666667,-0.816677622,,,
0.777777778,5.743,-19.82100058,6.651723557,4.466777778,-1.213178196,,,
0.888888889,5.743,-23.29949275,7.918658644,5.104888889,-1.631852796,,,
1,5.743,-26.96221461,9.270641678,5.743,-2.072701453,,,
0,5.7989,-0.629959235,0.876928548,0,1.096673641,,,
0.111111111,5.7989,-2.837841256,0.946754351,0.644322222,0.830930878,,,
0.222222222,5.7989,-5.22817237,1.581963313,1.288644444,0.543228371,,,
0.333333333,5.7989,-7.800952376,2.422256597,1.932966667,0.233566142,,,
0.444444444,5.7989,-10.55618389,3.366610363,2.577288889,-0.098056121,,,
0.555555556,5.7989,-13.49386901,4.394335928,3.221611111,-0.451638673,,,
0.666666667,5.7989,-16.61400772,5.501530726,3.865933333,-0.827181511,,,
0.777777778,5.7989,-19.91659974,6.688718761,4.510255556,-1.224684602,,,
0.888888889,5.7989,-23.40164523,7.957715246,5.154577778,-1.644147964,,,
1,5.7989,-27.06914446,9.310649975,5.7989,-2.08557163,,,
0,5.8548,-0.629959235,0.876928548,0,1.096673641,,,
0.111111111,5.8548,-2.856463499,0.949785265,0.650533333,0.828689487,,,
0.222222222,5.8548,-5.263674881,1.593019204,1.301066667,0.538955255,,,
0.333333333,5.8548,-7.851593165,2.440331282,1.9516,0.227470969,,,
0.444444444,5.8548,-10.62022092,3.3906916,2.602133333,-0.105763679,,,
0.555555556,5.8548,-13.56956025,4.423482348,3.252666667,-0.460748943,,,
0.666666667,5.8548,-16.69961118,5.534778281,3.9032,-0.837484825,,,
0.777777778,5.8548,-20.0103734,6.725059665,4.553733333,-1.235971288,,,
0.888888889,5.8548,-23.50184706,7.996100362,5.204266667,-1.65620835,,,
1,5.8548,-27.17403243,9.349997215,5.8548,-2.098196046,,,
0,5.9107,-0.629959235,0.876928548,0,1.096673641,,,
0.111111111,5.9107,-2.874733504,0.952805718,0.656744444,0.826490492,,,
0.222222222,5.9107,-5.298505866,1.603914054,1.313488889,0.534762965,,,
0.333333333,5.9107,-7.901276092,2.458099102,1.970233333,0.221491085,,,
0.444444444,5.9107,-10.6830467,3.414345236,2.626977778,-0.113325449,,,
0.555555556,5.9107,-13.64381981,4.452105303,3.283722222,-0.469686893,,,
0.666666667,5.9107,-16.78359546,5.56743199,3.940466667,-0.847593252,,,
0.777777778,5.9107,-20.10237334,6.760762559,4.597211111,-1.247044488,,,
0.888888889,5.9107,-23.60015358,8.03382993,5.253955556,-1.668040617,,,
1,5.9107,-27.27693647,9.388698016,5.9107,-2.110581673,,,
0,5.9666,-0.629959235,0.876928548,0,1.096673641,,,
0.111111111,5.9666,-2.892661172,0.955814272,0.662955556,0.824332701,,,
0.222222222,5.9666,-5.332684201,1.614650113,1.325911111,0.530649228,,,
0.333333333,5.9666,-7.950028078,2.47556698,1.988866667,0.21562325,,,
0.444444444,5.9666,-10.74469527,3.437581957,2.651822222,-0.120745529,,,
0.555555556,5.9666,-13.71668792,4.480218218,3.314777778,-0.478457368,,,
0.666666667,5.9666,-16.86600608,5.599506977,3.977733333,-0.857512272,,,
0.777777778,5.9666,-20.19264942,6.79584325,4.640688889,-1.257910202,,,
0.888888889,5.9666,-23.69661808,8.070919461,5.303644444,-1.679651175,,,
1,5.9666,-27.37791233,9.426766665,5.9666,-2.122735223,,,
0,6.0225,-0.629959235,0.876928548,0,1.096673641,,,
0.111111111,6.0225,-2.910256037,0.95880962,0.669166667,0.822214967,,,
0.222222222,6.0225,-5.366228059,1.625229685,1.338333333,0.526611858,,,
0.333333333,6.0225,-7.997875045,2.492741691,2.0075,0.209864344,,,
0.444444444,6.0225,-10.80519942,3.460412137,2.676666667,-0.128027866,,,
0.555555556,6.0225,-13.78820333,4.507834096,3.345833333,-0.48706503,,,
0.666666667,6.0225,-16.94688685,5.631017897,4.015,-0.867247157,,,
0.777777778,6.0225,-20.28124965,6.83031708,4.684166667,-1.268574208,,,
0.888888889,6.0225,-23.79129184,8.107384046,5.353333333,-1.691046197,,,
1,6.0225,-27.4770137,9.464217118,6.0225,-2.134663157,,,
0,6.0784,-0.629959235,0.876928548,0,1.096673641,,,
0.111111111,6.0784,-2.927527279,0.961790576,0.675377778,0.820136184,,,
0.222222222,6.0784,-5.399154944,1.635655117,1.350755556,0.522648747,,,
0.333333333,6.0784,-8.044841963,2.509629857,2.026133333,0.204211362,,,
0.444444444,6.0784,-10.86459072,3.482845843,2.701511111,-0.135176258,,,
0.555555556,6.0784,-13.85840336,4.534965534,3.376888889,-0.495514371,,,
0.666666667,6.0784,-17.02627998,5.661978953,4.052266667,-0.876802989,,,
0.777777778,6.0784,-20.36822024,6.864198934,4.727644444,-1.279042072,,,
0.888888889,6.0784,-23.88422426,8.143238366,5.403022222,-1.702231631,,,
1,6.0784,-27.5742923,9.501063004,6.0784,-2.146371702,,,
0,6.1343,-0.629959235,0.876928548,0,1.096673641,,,
0.111111111,6.1343,-2.944483745,0.964756067,0.681588889,0.818095287,,,
0.222222222,6.1343,-5.431481724,1.645928786,1.363177778,0.518757865,,,
0.333333333,6.1343,-8.090952891,2.52623795,2.044766667,0.198661407,,,
0.444444444,6.1343,-10.92289959,3.504892847,2.726355556,-0.142194368,,,
0.555555556,6.1343,-13.92732396,4.561624734,3.407944444,-0.50380972,,,
0.666666667,6.1343,-17.10422614,5.692403902,4.089533333,-0.886184663,,,
0.777777778,6.1343,-20.45360577,6.897503257,4.771122222,-1.289319154,,,
0.888888889,6.1343,-23.97546295,8.178496701,5.452711111,-1.713213207,,,
1,6.1343,-27.66979797,9.537317627,6.1343,-2.157866853,,,
0,6.1902,-0.629959235,0.876928548,0,1.096673641,,,
0.111111111,6.1902,-2.961133965,0.967705126,0.6878,0.816091251,,,
0.222222222,6.1902,-5.463224655,1.656053091,1.3756,0.514937256,,,
0.333333333,6.1902,-8.136231018,2.542572289,2.0634,0.193211689,,,
0.444444444,6.1902,-10.98015535,3.526562628,2.7512,-0.149085726,,,
0.555555556,6.1902,-13.99499981,4.58782352,3.439,-0.511955249,,,
0.666666667,6.1902,-17.18076453,5.72230608,4.1268,-0.895396895,,,
0.777777778,6.1902,-20.53744917,6.930244066,4.8146,-1.299410625,,,
0.888888889,6.1902,-24.0650538,8.213172942,5.5024,-1.723996446,,,
1,6.1902,-27.76357872,9.572993972,6.1902,-2.169154393,,,
0,6.2461,-0.629959235,0.876928548,0,1.096673641,,,
0.111111111,6.2461,-2.977486159,0.970636878,0.694011111,0.814123086,,,
0.222222222,6.2461,-5.494399415,1.666030443,1.388022222,0.511185032,,,
0.333333333,6.2461,-8.180698704,2.558639043,2.082033333,0.187859516,,,
0.444444444,6.2461,-11.03638628,3.547864386,2.776044444,-0.155853734,,,
0.555555556,6.2461,-14.06146431,4.613573346,3.470055556,-0.519954979,,,
0.666666667,6.2461,-17.25593294,5.751698409,4.164066667,-0.904444237,,,
0.777777778,6.2461,-20.61979184,6.962434962,4.858077778,-1.309321466,,,
0.888888889,6.2461,-24.15304105,8.247280595,5.552088889,-1.734586674,,,
1,6.2461,-27.85568088,9.608104708,6.2461,-2.180239896,,,
0,6.302,-0.629959235,0.876928548,0,1.096673641,,,
0.111111111,6.302,-2.993548259,0.973550539,0.700222222,0.812189836,,,
0.222222222,6.302,-5.525021122,1.675863258,1.400444444,0.507499375,,,
0.333333333,6.302,-8.224377515,2.574444231,2.100666667,0.182602293,,,
0.444444444,6.302,-11.09161965,3.568807048,2.800888889,-0.162501675,,,
0.555555556,6.302,-14.1267497,4.638885311,3.501111111,-0.527812791,,,
0.666666667,6.302,-17.32976784,5.780593413,4.201333333,-0.913331075,,,
0.777777778,6.302,-20.70067371,6.994089146,4.901555556,-1.319056485,,,
0.888888889,6.302,-24.23946737,8.280832797,5.601777778,-1.744989028,,,
1,6.302,-27.94614911,9.642662191,6.302,-2.191128737,,,
0,6.3579,-0.629959235,0.876928548,0,1.096673641,,,
0.111111111,6.3579,-3.009327916,0.976445407,0.706433333,0.810290582,,,
0.222222222,6.3579,-5.555104363,1.685553952,1.412866667,0.503878528,,,
0.333333333,6.3579,-8.26728826,2.589993725,2.1193,0.177437516,,,
0.444444444,6.3579,-11.14588178,3.589399276,2.825733333,-0.169032716,,,
0.555555556,6.3579,-14.19088709,4.663770172,3.532166667,-0.535532427,,,
0.666666667,6.3579,-17.4023044,5.809003233,4.2386,-0.922061643,,,
0.777777778,6.3579,-20.78013333,7.025219428,4.945033333,-1.328620319,,,
0.888888889,6.3579,-24.32437394,8.313842321,5.651466667,-1.755208462,,,
1,6.3579,-28.03502651,9.676678476,6.3579,-2.201826105,,,
0,6.4138,-0.629959235,0.876928548,0,1.096673641,,,
0.111111111,6.4138,-3.024832515,0.979320854,0.712644444,0.808424434,,,
0.222222222,6.4138,-5.584663218,1.695104933,1.425288889,0.500320796,,,
0.333333333,6.4138,-8.30945102,2.605293248,2.137933333,0.172362766,,,
0.444444444,6.4138,-11.19919805,3.609649478,2.850577778,-0.175449913,,,
0.555555556,6.4138,-14.2539065,4.688238352,3.563222222,-0.543117502,,,
0.666666667,6.4138,-17.47357656,5.836939637,4.275866667,-0.930640028,,,
0.777777778,6.4138,-20.85820787,7.055838238,4.988511111,-1.338017445,,,
0.888888889,6.4138,-24.40780048,8.346321587,5.701155556,-1.76524976,,,
1,6.4138,-28.12235467,9.710165315,6.4138,-2.212337005,,,
0,6.4697,-0.629959235,0.876928548,0,1.096673641,,,
0.111111111,6.4697,-3.040069186,0.982176323,0.718855556,0.806590534,,,
0.222222222,6.4697,-5.61371128,1.704518597,1.437711111,0.496824544,,,
0.333333333,6.4697,-8.350885185,2.620348383,2.156566667,0.167375711,,,
0.444444444,6.4697,-11.251593,3.629565809,2.875422222,-0.181756217,,,
0.555555556,6.4697,-14.31583689,4.712299957,3.594277778,-0.550571502,,,
0.666666667,6.4697,-17.5436171,5.864414037,4.313133333,-0.939070173,,,
0.777777778,6.4697,-20.93493325,7.085957645,5.031988889,-1.347252183,,,
0.888888889,6.4697,-24.48978537,8.378282675,5.750844444,-1.775117538,,,
1,6.4697,-28.20817375,9.74313417,6.4697,-2.222666271,,,
0,6.5256,-0.629959235,0.876928548,0,1.096673641,,,
0.111111111,6.5256,-3.055044814,0.98501132,0.725066667,0.804788053,,,
0.222222222,6.5256,-5.642261675,1.713797326,1.450133333,0.493388191,,,
0.333333333,6.5256,-8.391609477,2.63516457,2.1752,0.162474097,,,
0.444444444,6.5256,-11.30309028,3.649156186,2.900266667,-0.187954479,,,
0.555555556,6.5256,-14.37670626,4.735964781,3.625333333,-0.557897797,,,
0.666666667,6.5256,-17.61245766,5.891437495,4.3504,-0.947355888,,,
0.777777778,6.5256,-21.01034412,7.11558936,5.075466667,-1.356328707,,,
0.888888889,6.5256,-24.57036565,8.409737327,5.800533333,-1.784816257,,,
1,6.5256,-28.29252254,9.775596211,6.5256,-2.23281857,,,
0,6.5815,-0.629959235,0.876928548,0,1.096673641,,,
0.111111111,6.5815,-3.069766052,0.987825413,0.731277778,0.803016191,,,
0.222222222,6.5815,-5.670327084,1.722943481,1.462555556,0.490010212,,,
0.333333333,6.5815,-8.431641985,2.649747109,2.193833333,0.157655746,,,
0.444444444,6.5815,-11.35371278,3.668428294,2.925111111,-0.194047451,,,
0.555555556,6.5815,-14.43654164,4.759242323,3.656388889,-0.56509964,,,
0.666666667,6.5815,-17.68012883,5.91802074,4.387666667,-0.955500854,,,
0.777777778,6.5815,-21.08447399,7.144744754,5.118944444,-1.365251048,,,
0.888888889,6.5815,-24.64957712,8.440696965,5.850222222,-1.794350223,,,
1,6.5815,-28.37543849,9.807562331,6.5815,-2.242798413,,,
0,6.6374,-0.629959235,0.876928548,0,1.096673641,,,
0.111111111,6.6374,-3.084239325,0.990618221,0.737488889,0.801274174,,,
0.222222222,6.6374,-5.697919761,1.731959401,1.474977778,0.486689132,,,
0.333333333,6.6374,-8.471000188,2.664101166,2.212466667,0.152918556,,,
0.444444444,6.6374,-11.40348259,3.68738959,2.949955556,-0.200037793,,,
0.555555556,6.6374,-14.49536915,4.782141789,3.687444444,-0.572180175,,,
0.666666667,6.6374,-17.74666015,5.94417418,4.424933333,-0.963508627,,,
0.777777778,6.6374,-21.15735522,7.173434866,5.162422222,-1.374023101,,,
0.888888889,6.6374,-24.72745435,8.471172695,5.899911111,-1.8037236,,,
1,6.6374,-28.45695782,9.839043146,6.6374,-2.252610155,,,
0,6.6933,-0.629959235,0.876928548,0,1.096673641,,,
0.111111111,6.6933,-3.098470848,0.993389416,0.7437,0.799561255,,,
0.222222222,6.6933,-5.72505155,1.740847399,1.4874,0.483423524,,,
0.333333333,6.6933,-8.50970098,2.678231773,2.2311,0.148260492,,,
0.444444444,6.6933,-11.45242109,3.706047314,2.9748,-0.205928076,,,
0.555555556,6.6933,-14.55321406,4.804672113,3.7185,-0.579142442,,,
0.666666667,6.6933,-17.81208019,5.969907909,4.4622,-0.971382643,,,
0.777777778,6.6933,-21.22901909,7.201670414,5.2059,-1.382648633,,,
0.888888889,6.6933,-24.80403077,8.501175315,5.9496,-1.812940411,,,
1,6.6933,-28.5371155,9.870049003,6.6933,-2.26225801,,,
0,6.7492,-0.629959235,0.876928548,0,1.096673641,,,
0.111111111,6.7492,-3.112466626,0.996138716,0.749911111,0.797876709,,,
0.222222222,6.7492,-5.751733902,1.74960976,1.499822222,0.480212011,,,
0.333333333,6.7492,-8.547760696,2.692143832,2.249733333,0.143679589,,,
0.444444444,6.7492,-11.50054893,3.724408493,2.999644444,-0.211720788,,,
0.555555556,6.7492,-14.61010077,4.826841955,3.749555556,-0.58598938,,,
0.666666667,6.7492,-17.87641654,5.995231719,4.499466667,-0.979126228,,,
0.777777778,6.7492,-21.29949586,7.229461805,5.249377778,-1.391131283,,,
0.888888889,6.7492,-24.87933872,8.530715331,5.999288889,-1.822004546,,,
1,6.7492,-28.61594538,9.900589989,6.7492,-2.271746048,,,
0,6.8051,-0.629959235,0.876928548,0,1.096673641,,,
0.111111111,6.8051,-3.12623247,0.998865883,0.756122222,0.796219839,,,
0.222222222,6.8051,-5.777977894,1.758248742,1.512244444,0.477053259,,,
0.333333333,6.8051,-8.585195134,2.705842118,2.268366667,0.139173944,,,
0.444444444,6.8051,-11.54788608,3.742479952,3.024488889,-0.217418332,,,
0.555555556,6.8051,-14.66605289,4.84865972,3.780611111,-0.592723831,,,
0.666666667,6.8051,-17.93969592,6.020155112,4.536733333,-0.986742594,,,
0.777777778,6.8051,-21.36881478,7.256819148,5.292855556,-1.399474573,,,
0.888888889,6.8051,-24.95340944,8.559802956,6.048977778,-1.830919768,,,
1,6.8051,-28.69348017,9.930675933,6.8051,-2.281078209,,,
0,6.861,-0.629959235,0.876928548,0,1.096673641,,,
0.111111111,6.861,-3.139773999,1.001570716,0.762333333,0.794589968,,,
0.222222222,6.861,-5.80379424,1.766766568,1.524666667,0.473945979,,,
0.333333333,6.861,-8.622019578,2.71933128,2.287,0.134741719,,,
0.444444444,6.861,-11.59445187,3.760268316,3.049333333,-0.223023035,,,
0.555555556,6.861,-14.72109328,4.87013356,3.811666667,-0.599348544,,,
0.666666667,6.861,-18.00194417,6.04468731,4.574,-0.994234851,,,
0.777777778,6.861,-21.43700414,7.283752258,5.336333333,-1.40768191,,,
0.888888889,6.861,-25.02627318,8.588448128,6.098666667,-1.839689716,,,
1,6.861,-28.76975154,9.960316416,6.861,-2.290258303,,,
0,6.9169,-0.629959235,0.876928548,0,1.096673641,,,
0.111111111,6.9169,-3.153096653,1.004253053,0.768544444,0.792986441,,,
0.222222222,6.9169,-5.829193308,1.775165431,1.537088889,0.470888924,,,
0.333333333,6.9169,-8.658248817,2.732615849,2.305633333,0.130381134,,,
0.444444444,6.9169,-11.640265,3.777780019,3.074177778,-0.228537147,,,
0.555555556,6.9169,-14.77524403,4.891271388,3.842722222,-0.605866179,,,
0.666666667,6.9169,-18.06318627,6.068837264,4.611266667,-1.001606009,,,
0.777777778,6.9169,-21.50409134,7.310270674,5.379811111,-1.415756588,,,
0.888888889,6.9169,-25.0979592,8.61666051,6.148355556,-1.848317913,,,
1,6.9169,-28.84479011,9.989520775,6.9169,-2.299290016,,,
0,6.9728,-0.629959235,0.876928548,0,1.096673641,,,
0.111111111,6.9728,-3.166205694,1.006912764,0.774755556,0.791408625,,,
0.222222222,6.9728,-5.854185134,1.783447489,1.549511111,0.467880884,,,
0.333333333,6.9728,-8.693897166,2.745700235,2.324266667,0.126090465,,,
0.444444444,6.9728,-11.68534358,3.795021311,3.099022222,-0.233962847,,,
0.555555556,6.9728,-14.82852654,4.912080882,3.873777778,-0.612279313,,,
0.666666667,6.9728,-18.12344644,6.092613661,4.648533333,-1.008858979,,,
0.777777778,6.9728,-21.57010288,7.33638366,5.423288889,-1.423701799,,,
0.888888889,6.9728,-25.16849582,8.644449504,6.198044444,-1.856807768,,,
1,6.9728,-28.91862553,10.01829811,6.9728,-2.308176917,,,
0,7.0287,-0.629959235,0.876928548,0,1.096673641,,,
0.111111111,7.0287,-3.179106221,1.00954975,0.780966667,0.789855905,,,
0.222222222,7.0287,-5.878779435,1.791614868,1.561933333,0.464920691,,,
0.333333333,7.0287,-8.728978484,2.758588734,2.3429,0.121868045,,,
0.444444444,7.0287,-11.72970513,3.811998261,3.123866667,-0.239302245,,,
0.555555556,7.0287,-14.88096153,4.932569496,3.904833333,-0.618590438,,,
0.666666667,7.0287,-18.1827481,6.116024936,4.6858,-1.015996583,,,
0.777777778,7.0287,-21.63506443,7.362100217,5.466766667,-1.431520633,,,
0.888888889,7.0287,-25.23791048,8.671824257,6.247733333,-1.865162582,,,
1,7.0287,-28.99128651,10.04665729,7.0287,-2.316922461,,,
0,7.0846,-0.629959235,0.876928548,0,1.096673641,,,
0.111111111,7.0846,-3.191803168,1.012163942,0.787177778,0.788327689,,,
0.222222222,7.0846,-5.90298562,1.799669655,1.574355556,0.462007211,,,
0.333333333,7.0846,-8.763506194,2.771285532,2.361533333,0.117712257,,,
0.444444444,7.0846,-11.77336663,3.828716768,3.148711111,-0.244557384,,,
0.555555556,7.0846,-14.93256906,4.952744467,3.935888889,-0.624801969,,,
0.666666667,7.0846,-18.24111393,6.139079282,4.723066667,-1.02302155,,,
0.777777778,7.0846,-21.69900084,7.387429093,5.510244444,-1.439216079,,,
0.888888889,7.0846,-25.30622972,8.698793668,6.297422222,-1.87338555,,,
1,7.0846,-29.06280085,10.07460696,7.0846,-2.325529994,,,
0,7.1405,-0.629959235,0.876928548,0,1.096673641,,,
0.111111111,7.1405,-3.204301316,1.014755295,0.793388889,0.7868234,,,
0.222222222,7.1405,-5.926812805,1.807613905,1.586777778,0.459139349,,,
0.333333333,7.1405,-8.797493298,2.783794702,2.380166667,0.113621537,,,
0.444444444,7.1405,-11.8163445,3.845182561,3.173555556,-0.249730242,,,
0.555555556,7.1405,-14.98336857,4.972612819,3.966944444,-0.630916245,,,
0.666666667,7.1405,-18.29856592,6.161784652,4.760333333,-1.029936525,,,
0.777777778,7.1405,-21.76193618,7.412378791,5.553722222,-1.446791037,,,
0.888888889,7.1405,-25.37347928,8.725366396,6.347111111,-1.88147977,,,
1,7.1405,-29.13319547,10.10215555,7.1405,-2.334002757,,,
0,7.1964,-0.629959235,0.876928548,0,1.096673641,,,
0.111111111,7.1964,-3.216605299,1.017323789,0.7996,0.785342481,,,
0.222222222,7.1964,-5.950269821,1.815449635,1.5992,0.45631604,,,
0.333333333,7.1964,-8.830952394,2.796120214,2.3988,0.109594369,,,
0.444444444,7.1964,-11.8586547,3.861401207,3.1984,-0.254822736,,,
0.555555556,7.1964,-15.03337887,4.992181379,3.998,-0.636935532,,,
0.666666667,7.1964,-18.35512536,6.184148774,4.7976,-1.036744073,,,
0.777777778,7.1964,-21.82389379,7.436957575,5.5972,-1.454248313,,,
0.888888889,7.1964,-25.43968408,8.751550868,6.3968,-1.889448242,,,
1,7.1964,-29.20249648,10.12931127,7.1964,-2.342343892,,,
0,7.2523,-0.629959235,0.876928548,0,1.096673641,,,
0.111111111,7.2523,-3.228719607,1.019869426,0.805811111,0.783884391,,,
0.222222222,7.2523,-5.973365229,1.823178826,1.611622222,0.453536255,,,
0.333333333,7.2523,-8.863895691,2.808265933,2.417433333,0.105629282,,,
0.444444444,7.2523,-11.90031265,3.877378117,3.223244444,-0.259836726,,,
0.555555556,7.2523,-15.08261823,5.011456773,4.029055556,-0.642862028,,,
0.666666667,7.2523,-18.4108129,6.206179154,4.834866667,-1.043446678,,,
0.777777778,7.2523,-21.88489628,7.461173477,5.640677778,-1.46159063,,,
0.888888889,7.2523,-25.50486828,8.777355286,6.446488889,-1.897293874,,,
1,7.2523,-29.27072916,10.15608212,7.2523,-2.350556442,,,
0,7.3082,-0.629959235,0.876928548,0,1.096673641,,,
0.111111111,7.3082,-3.240648591,1.022392228,0.812022222,0.782448607,,,
0.222222222,7.3082,-5.996107325,1.830803424,1.624044444,0.450798995,,,
0.333333333,7.3082,-8.896335025,2.820235624,2.436066667,0.101724854,,,
0.444444444,7.3082,-11.94133332,3.893118551,3.248088889,-0.264774013,,,
0.555555556,7.3082,-15.13110433,5.030445441,4.060111111,-0.64869786,,,
0.666666667,7.3082,-18.46564853,6.227883087,4.872133333,-1.050046746,,,
0.777777778,7.3082,-21.94496555,7.48503431,5.684155556,-1.468820624,,,
0.888888889,7.3082,-25.5690553,8.802787631,6.496177778,-1.905019485,,,
1,7.3082,-29.33791802,10.18247592,7.3082,-2.358643356,,,
0,7.3641,-0.629959235,0.876928548,0,1.096673641,,,
0.111111111,7.3641,-3.252396472,1.024892236,0.818233333,0.781034621,,,
0.222222222,7.3641,-6.018504157,1.838325337,1.636466667,0.448103291,,,
0.333333333,7.3641,-8.928281872,2.832032955,2.4547,0.097879701,,,
0.444444444,7.3641,-11.98173122,3.908627621,3.272933333,-0.269636343,,,
0.555555556,7.3641,-15.17885432,5.049153638,4.091166667,-0.654445095,,,
0.666666667,7.3641,-18.51965166,6.249267661,4.9094,-1.056546614,,,
0.777777778,7.3641,-22.00412287,7.50854767,5.727633333,-1.475940855,,,
0.888888889,7.3641,-25.63226785,8.827855673,6.545866667,-1.912627806,,,
1,7.3641,-29.40408684,10.20850026,7.3641,-2.366607498,,,
0,7.42,-0.629959235,0.876928548,0,1.096673641,,,
0.111111111,7.42,-3.263967343,1.027369507,0.824444444,0.77964194,,,
0.222222222,7.42,-6.040563527,1.845746438,1.648888889,0.445448205,,,
0.333333333,7.42,-8.959747364,2.843661498,2.473333333,0.094092485,,,
0.444444444,7.42,-12.02152043,3.923910299,3.297777778,-0.27442541,,,
0.555555556,7.42,-15.22588485,5.067587445,4.122222222,-0.660105733,,,
0.666666667,7.42,-18.57284111,6.270339766,4.946666667,-1.062948546,,,
0.777777778,7.42,-22.06238884,7.531720944,5.771111111,-1.482953802,,,
0.888888889,7.42,-25.69452795,8.852566979,6.595555556,-1.920121491,,,
1,7.42,-29.46925866,10.23416257,7.42,-2.37445164,,,
